8182160,-0.0141602,0.0224609,0.9992676,0.2519084,-0.1145038,-0.1374046,1050
8227052,-0.0114746,0.0197754,0.9958497,0.1450382,-0.0916031,-0.0763359,1050
8256372,-0.0192871,0.0214844,1.0085449,0.0687023,-0.1755725,0.0534351,1050
8285644,-0.0114746,0.0151367,1.0092773,-0.1374046,-0.0152672,-0.2213740,1050
8314996,-0.0119629,0.0161133,1.0014648,0.0305344,-0.1908397,-0.0534351,1050
8344292,-0.0131836,0.0185547,0.9992676,0.0000000,0.0076336,-0.1450382,1050
8375784,-0.0175781,0.0195312,0.9985352,0.0305344,-0.2442748,-0.0839695,1050
8407964,-0.0112305,0.0146484,0.9995118,0.0839695,-0.1221374,-0.1603053,1050
8437424,-0.0146484,0.0175781,1.0024414,0.0076336,-0.0763359,-0.0305344,1050
8466828,-0.0119629,0.0183105,0.9963379,-0.1297710,-0.0381679,-0.1603053,1050
8496308,-0.0063477,0.0258789,0.9975586,0.1755725,0.0000000,-0.0763359,1050
8525628,-0.0153809,0.0180664,1.0019531,0.0381679,-0.0076336,-0.0687023,1050
8555020,-0.0161133,0.0175781,1.0056152,0.1603053,-0.1221374,0.0839695,1050
8584416,-0.0087891,0.0222168,0.9978028,0.1755725,-0.0076336,-0.1068702,1050
8616576,-0.0129395,0.0302734,1.0007324,0.0687023,-0.0687023,-0.1221374,1050
8646000,-0.0141602,0.0207520,1.0061035,-0.0152672,-0.1603053,-0.1221374,1050
8675460,-0.0131836,0.0207520,0.9953614,0.0992366,0.1145038,-0.0610687,1050
8704848,-0.0173340,0.0227051,1.0012207,0.0076336,0.0076336,-0.1221374,1053
8734216,-0.0112305,0.0200195,0.9914551,0.0076336,0.0000000,0.0152672,1053
8763500,-0.0122070,0.0168457,1.0058593,-0.0916031,-0.0763359,-0.0916031,1053
8792952,-0.0114746,0.0183105,1.0046386,0.0381679,-0.1221374,-0.1450382,1053
8820216,-0.0107422,0.0166016,0.9982911,0.1374046,-0.0763359,-0.1145038,1053
8849636,0.0490723,0.1813965,0.9672852,-1.0916030,-0.1984733,-0.3587786,1053
8879080,-0.0019531,0.0466309,1.0671386,-1.2671755,6.1679387,-0.3664122,1053
8908512,-0.0134277,-0.0676270,0.8859864,-6.1603055,3.3664121,2.5190839,1053
8937972,0.2604980,-0.0837402,1.1833496,-35.5267181,-81.8549652,-20.5267181,1053
8967600,-0.0388184,0.0207520,1.3647460,-18.4503822,-105.4122161,-11.4885492,1053
8999980,0.5117187,0.3183594,3.8288574,-52.5954208,-110.7709960,-35.1450386,1053
9029572,-0.2839355,-0.2661133,0.3574219,-31.7557258,-10.0152673,25.2900772,1053
9059220,0.3515625,0.1120605,1.7521972,-37.4503822,-51.5267181,-3.6564886,1053
9088772,0.7573242,-0.3398437,1.4541015,-13.2519083,-13.8625955,39.3969459,1053
9118368,-0.1140137,-0.1525879,1.1452636,2.4580152,4.1755723,30.1526718,1053
9147836,0.1667480,-0.0722656,0.7062988,12.8396949,16.3053436,31.0839691,1053
9177340,-0.3505859,-0.1750488,-0.1716309,12.6183204,46.3129768,47.4122123,1053
9204784,0.0920410,0.0217285,1.4343261,9.6259546,12.8702287,26.4351139,1053
9234224,-0.0720215,-0.1638184,0.9570313,8.7709922,-7.1221375,42.1297721,1056
9265464,-0.4060059,-0.3771973,0.3137207,19.3664131,55.1145019,49.2900772,1056
9295112,0.2353516,0.2189941,1.0388183,7.5114502,22.0534343,59.0763359,1056
9324572,-0.2053223,0.0168457,1.6203613,-11.7862596,44.2366409,39.3664131,1056
9354100,0.4465332,0.5292969,0.7978516,4.6793894,-47.6946563,38.3816795,1056
9386328,-0.3569336,-0.4404297,0.4020996,-0.2900763,49.5496177,66.1450347,1056
9415876,0.0729980,0.0622559,1.1411132,-17.1603050,18.8778629,46.4809150,1056
9445384,0.0393066,0.0471191,0.0559082,12.0458011,24.3587779,54.0992355,1056
9474812,-0.5161133,-0.0944824,1.0322265,24.7709922,89.8778610,63.4732818,1056
9504344,0.0244141,0.0432129,1.2949218,16.0534343,14.0687026,44.9618339,1056
9533808,0.4438477,-0.0878906,0.7675781,17.9236640,24.4580154,58.8778610,1056
9563312,0.1162109,-0.0192871,2.4433593,-7.8549618,11.7480916,39.5572509,1056
9595456,0.1430664,0.3771973,0.7912598,34.9389305,1.0687023,54.8854980,1056
9624748,0.5498047,-0.0051270,2.0380859,-21.3053436,19.1832065,51.7709922,1056
9654152,0.0842285,-0.1999512,1.3493652,2.9618320,-32.1221389,49.7633590,1056
9683540,0.1359863,0.3652344,0.5148926,20.7633590,-22.2442741,50.6106872,1056
9712916,-0.4235840,0.0703125,0.7429199,10.6870231,37.8473281,54.4351158,1056
9742348,0.2219238,-0.1159668,1.5737304,15.3893127,-1.3358778,53.2061080,1059
9774428,0.1362305,0.1020508,0.3281250,-11.4732828,-30.7786254,60.3129768,1059
9803948,-0.5961914,0.2827148,1.4399414,-20.5954189,-0.7709923,53.5954208,1059
9833360,-0.2248535,-0.1110840,-0.1430664,-2.1374046,-31.8244266,76.5267181,1059
9862864,-0.0783691,0.2653809,0.9636231,18.6564884,37.3587799,52.7786254,1059
9892240,-0.0827637,-0.3569336,1.0581054,20.5496177,-6.6641221,72.7251892,1059
9921692,0.3168945,-0.0559082,0.9733887,-13.0992364,-29.8167934,55.2213745,1059
9951140,-0.3000488,-0.1796875,1.1284179,0.5648855,-14.4732828,62.5572509,1059
9983312,-0.2290039,-0.1926270,0.5634766,4.7022900,-34.0305328,54.6946563,1059
10012840,-0.3125000,-0.1823730,0.7697754,6.6717557,6.1450381,55.8778610,1059
10042348,-0.2670898,0.1660156,0.9909668,-2.6870229,-8.3664121,50.3511466,1059
10071884,-0.2836914,-0.0498047,0.4909668,-6.9007635,-24.8854961,45.5725173,1059
10101544,0.0483398,-0.0249023,1.1984863,-13.5954198,-5.3587784,44.1374053,1059
10132724,-0.1354980,-0.1733398,1.2189941,-2.7328243,-1.5114503,52.7022895,1059
10165176,-0.0817871,-0.0837402,0.6105957,1.0305343,0.2824428,38.7404594,1059
10194652,-0.2673340,-0.0009766,0.7893066,10.9160308,-3.6946563,39.2061080,1059
10224200,-0.0922852,0.0187988,0.7290039,-2.5267176,11.1526718,34.5496177,1059
10253740,-0.1989746,-0.0234375,1.1425781,-8.5267171,16.1374053,36.0916023,1062
10283332,-0.0881348,0.0778809,0.9467774,6.0000000,-15.8244276,28.6717548,1062
10312808,-0.1252441,0.0395508,1.0378417,-11.7251911,5.3053436,25.4809169,1062
10342408,-0.1364746,0.0646973,0.9709473,1.9694656,-3.2061069,24.9083976,1062
10374640,-0.1650391,0.0354004,0.8259278,-2.0076336,4.6793894,21.9923667,1062
10404116,-0.1777344,-0.1164551,0.9067383,-4.3129773,-1.7786259,19.6183204,1062
10433696,-0.0134277,0.0373535,0.9436036,-1.5801526,8.1984729,11.0534353,1062
10463208,-0.1328125,0.1003418,1.1584472,3.2977099,6.9007635,13.6946563,1062
10492640,0.0441895,-0.0075684,0.8371582,-0.5114504,-0.6946565,7.2824425,1062
10522108,-0.3178711,-0.1013184,0.9487305,-5.1832060,9.7480916,13.7175569,1062
10554352,0.7514648,0.0693359,1.1667480,-29.1374053,-63.6793899,-0.5343512,1062
10583916,0.3671875,0.1953125,3.1782226,-76.6412200,-14.4198474,1.2671755,1062
10613432,0.0944824,0.4030762,1.2907714,-57.4427490,-68.4045791,8.0076332,1062
10642960,0.5942383,0.1037598,1.9047851,-36.2519073,-50.8931312,3.8396947,1062
10672496,-0.1047363,0.0964356,0.1342773,-9.7251911,-15.2824430,49.1221389,1062
10702096,-0.2631836,0.3615723,1.1806640,4.1297707,31.2748088,15.8091602,1062
10731584,-0.2470703,0.1088867,1.1206054,-0.3511450,-21.9083976,28.1832065,1062
10763900,0.2685547,0.0961914,0.6103516,0.1450382,6.4656486,34.0534362,1065
10793328,0.6003418,0.6105957,2.5627441,-44.2366409,-56.7938919,4.6793894,1065
10822884,0.5393066,-0.5559082,-0.0510254,-2.2442748,12.9923667,68.1984710,1065
10852460,-0.0300293,-0.0881348,0.7194824,14.1603050,11.4427480,40.4427490,1065
10882028,-0.3671875,0.3918457,1.2346191,-8.0076332,-29.7709922,40.6870231,1065
10911616,-0.3984375,0.2822266,0.5771484,-4.1145038,-13.7404584,55.1984748,1065
10943976,-0.5417480,-0.0957031,0.5541992,-10.7251911,24.0916023,50.7862586,1065
10973588,-0.1994629,0.0908203,0.6188965,37.4122123,-37.3435096,58.5877876,1065
11004792,0.2683105,0.3405762,0.6735840,10.4351148,-0.8091603,44.9618339,1065
11034400,-0.3669434,0.1914062,0.5275879,23.6717548,15.9923667,77.1221389,1065
11063964,0.9223633,0.3239746,1.7924804,18.8091602,-4.1755723,29.6488552,1065
11093476,0.8742676,-0.1767578,0.2834473,36.1221389,27.2290077,72.0763320,1065
11123044,-0.0212402,0.1425781,2.3891601,-13.1526718,-12.3129768,58.9389305,1065
11155600,0.1123047,-0.1340332,0.5686035,-16.5267181,-58.3740463,56.4274826,1065
11185116,-0.0424805,0.5825195,1.2871093,-10.9770994,38.5419845,63.8625946,1065
11214560,-0.2863770,-0.3227539,0.7958984,6.7404580,-11.7480916,72.2900772,1065
11244000,0.3479004,0.0234375,0.4577637,-6.8473281,18.5267181,63.5419845,1065
11273380,-0.5847168,0.2915039,1.7583007,-8.9618320,6.3587784,64.5877838,1068
11302792,-0.0981445,0.1804199,0.5844727,6.8854961,-25.3358783,67.9770965,1068
11334932,-0.0290527,-0.0026855,0.9394532,-7.9083967,9.4961833,56.9083976,1068
11364436,-0.1735840,0.2812500,1.5190429,-15.8625955,-34.0992355,44.9007644,1068
11393912,0.0837402,-0.0981445,0.3347168,-7.4656486,16.4045810,47.5725173,1068
11423344,-0.2751465,0.0446777,1.8188476,2.5190839,9.8091602,49.7099227,1068
11452688,-0.1713867,-0.1789551,0.6936035,-9.9618320,-11.0000000,39.2977104,1068
11482124,-0.0192871,0.2341309,1.4992675,-12.3358774,19.5648860,34.1297721,1068
11514312,0.0097656,-0.0014648,1.0859375,-5.5190839,8.3740453,34.9312973,1068
11543804,-0.1315918,0.0534668,0.8161622,2.9389312,7.9312977,43.1068687,1068
11573312,-0.1577148,0.1665039,1.0703125,-1.8244275,-3.3893129,33.6946563,1068
11602856,-0.0632324,0.0383301,0.8129883,5.2442746,-5.0992364,40.5267181,1068
11632372,-0.2053223,0.0065918,1.0270996,0.0076336,-1.3129770,30.1450386,1068
11661868,-0.0844727,-0.0432129,1.2373046,9.7251911,-6.5877861,28.1908397,1068
11691432,-0.0895996,0.1252441,1.2653808,-5.2061066,-1.3511450,26.6488552,1068
11723728,-0.1784668,-0.1347656,0.9904786,-0.6183206,-17.8320617,28.0687026,1068
11753340,0.0017090,0.2502441,0.9255372,2.3664121,-8.6717557,20.2290077,1068
11782824,-0.2875977,-0.0339355,1.4152832,-6.7404580,8.1908397,22.0687026,1071
11812352,-0.0136719,0.0190430,1.0656738,-2.5877861,-4.9160304,17.1755733,1071
11841912,-0.1496582,0.0195312,1.0319824,-1.5572519,3.8091602,18.0229015,1071
11872940,-0.2033691,-0.1362305,0.7736816,-1.1068701,-6.6412215,13.1145038,1071
11905396,-0.0898438,0.0690918,1.0568847,-0.4809160,12.8473281,8.7480916,1071
11934868,0.4653320,0.3039551,2.6755371,-3.4351146,14.5954198,-1.1832060,1071
11964372,1.1535644,0.2998047,1.7768554,-1.2595419,13.1526718,4.4045801,1071
11993836,0.0483398,-0.5556641,1.3381347,17.6412220,24.9312973,31.9770984,1071
12023376,0.1508789,0.1123047,0.9406739,39.8854980,12.0305347,27.9160308,1071
12052816,0.6018066,0.0146484,1.8876953,13.6793889,42.5038185,32.7938919,1071
12082308,-0.3552246,0.1557617,1.8168945,-4.0916032,-4.1908397,26.3587779,1071
12114576,-0.0195312,-0.2912598,0.4431152,-2.8778627,-6.9847326,33.3129768,1071
12144184,0.1647949,-0.1950684,1.1884765,-38.5954208,-32.9007644,35.5267181,1071
12173780,0.2678223,0.2980957,1.3376464,-36.0228996,-83.0457992,29.0687026,1071
12203348,-0.2434082,-0.0754395,0.7014160,-25.1603050,-21.4656486,48.8931312,1071
12232980,0.1955566,0.3107910,1.8249511,-31.1908397,-3.9312977,31.7175579,1071
12262548,0.2385254,-0.1733398,1.0917968,-6.6259541,18.4122142,81.2824401,1071
12294856,-0.0053711,0.0769043,1.4538574,-17.2137413,-3.3129770,46.5877876,1074
12324440,0.7009277,-0.3488770,0.6738281,-7.1679387,-27.7862586,59.3282432,1074
12354040,0.2785645,0.1550293,1.1169433,6.1068701,12.9389314,54.4351158,1074
12383548,0.3444824,-0.1665039,1.3771972,7.4274806,14.0076332,75.0839691,1074
12413056,0.3093262,0.1091309,0.6757812,16.9083976,21.0152664,53.5419845,1074
12442604,-0.1513672,0.2133789,1.4316406,5.6488547,18.4274806,65.9007644,1074
12472116,-0.2487793,-0.0454102,0.4680176,20.4656486,-24.7786254,65.8167953,1074
12504508,-0.2050781,-0.0581055,1.4309082,-18.0381679,20.3664131,59.4961814,1074
12534128,-0.0834961,-0.3156738,0.8759766,1.3511450,-22.9465656,53.1068687,1074
12563732,0.0617676,0.2966309,0.9809571,8.1145038,14.8244276,51.9618339,1074
12593224,-0.0422363,0.1152344,1.6633300,-18.5038166,-2.2977099,47.2900772,1074
12622816,0.0534668,0.0717773,0.6711426,-4.1374044,8.7022905,46.5267181,1074
12652276,-0.1577148,-0.1528320,1.3615722,2.0839693,24.8778629,56.0000000,1074
12684392,-0.2558594,-0.1135254,0.9211426,-7.2366414,-0.9083970,46.1221389,1074
12713852,-0.1225586,0.1728516,1.0380859,5.9083967,16.7022895,52.0305328,1074
12744768,-0.0700684,-0.0800781,1.2717285,-12.0916032,-1.9847328,44.9465637,1074
12774364,-0.1035156,-0.0808106,0.6293945,-2.3358778,5.7709922,50.2671737,1074
12803780,-0.2221680,-0.0664063,1.1662597,0.7938932,12.5343513,44.7328262,1077
12833192,0.0397949,0.0883789,0.9318848,-6.3893127,1.5038168,35.2671737,1077
12862548,-0.1149902,-0.2021484,0.9565430,6.8396944,1.3969465,41.6870231,1077
12894620,-0.0258789,-0.0959473,0.7780762,8.3740453,-2.1374046,36.6641235,1077
12924220,0.0678711,0.1071777,1.0217285,5.1908397,-5.6870226,38.0305328,1077
12953560,0.1369629,0.0068359,0.5710449,-13.2519083,12.1221370,42.9083976,1077
12982980,-0.4558105,-0.3911133,1.1440429,2.5877861,14.0229005,42.4274826,1077
13012392,-0.1252441,-0.0354004,0.6855469,4.3511452,-0.8549618,45.4961814,1077
13041820,0.1389160,0.0251465,0.6765137,-9.8396949,9.3740453,36.2137413,1077
13073912,-0.1323242,-0.0458984,1.1770019,-7.1755723,2.9618320,40.2366409,1077
13103468,0.1542969,-0.1687012,1.1442871,-12.0916032,-27.2977104,36.4809150,1077
13133076,0.0605469,0.2573242,0.9353028,-0.9083970,16.0916023,45.2900772,1077
13162584,-0.0996094,0.1621094,1.3352050,-14.7557249,0.9389313,44.7404594,1077
13192100,-0.0161133,-0.3786621,0.8959961,-0.3893130,-6.7328243,45.2900772,1077
13221704,-0.0344238,0.3085937,0.6335449,2.2290077,11.3358774,45.0610694,1077
13251188,0.0332031,0.0449219,1.1718750,-9.0763359,15.5572519,45.1755714,1077
13283468,-0.0649414,-0.0856934,0.7839355,2.1603052,2.0458016,37.9007644,1077
13312968,0.0217285,0.2358398,1.0842285,-3.1832060,3.0610687,42.1297721,1080
13368372,0.3808594,0.2917480,1.6447753,-2.2137403,11.8244276,42.3740463,1080
13400828,0.3171387,0.2607422,1.2119140,-0.5496183,-1.1297709,47.3893127,1080
13430332,0.0388184,0.1098633,1.2031250,-11.1145038,-1.2824426,44.7633590,1080
13459876,-0.1296387,-0.0727539,0.9763184,0.2748092,-9.5038166,53.4809150,1080
13492144,-0.0449219,0.2111816,1.1213378,-20.4274806,-1.0687023,48.5801544,1080
13521720,-0.2028809,-0.0705566,1.0544433,13.6183204,-20.7709922,46.8473281,1080
13551312,-0.0383301,-0.1813965,1.0393066,-7.9083967,13.9312973,61.5419845,1080
13580872,-0.3239746,0.1743164,1.0573730,-3.2900762,4.1832060,52.5343513,1080
13610372,0.1855469,0.1506348,1.5034179,3.4580152,-10.0381679,41.6412200,1080
13642008,-0.0776367,0.2778320,0.6494141,8.0000000,14.1526718,56.4198455,1080
13671540,-0.1110840,0.2238770,1.1025390,8.3664121,-29.0534343,47.1450386,1080
13703824,-0.0996094,0.0007324,0.5842285,-2.6717557,11.5496187,57.6793899,1080
13733328,-0.1840820,-0.0839844,0.9929200,0.1908397,-2.0381679,54.7709922,1080
13762844,-0.0502930,-0.0815430,0.9929200,1.0305343,-2.5648853,47.9618339,1080
13792356,-0.2355957,-0.0056152,1.2084960,-1.1297709,9.4809160,52.8702278,1080
13821872,-0.1772461,0.1652832,0.9372559,-3.0916030,13.8320608,53.7557258,1083
13851392,-0.1320801,-0.2053223,1.0693359,-16.3206100,16.8396949,57.4045791,1083
13883740,-0.1086426,-0.0256348,0.8117676,10.3740453,-13.3893127,56.6335868,1083
13913364,0.1535645,0.0012207,0.8481446,4.6870226,-18.8396949,46.7022895,1083
13942892,0.0270996,0.1359863,1.1901855,9.8167934,14.3664121,49.1603050,1083
13972336,0.1091309,-0.1416016,1.0334472,-30.9847335,-18.5648860,57.2442741,1083
14001984,0.2304687,-0.0378418,0.7885742,11.3053436,17.4961833,52.2366409,1083
14031528,-0.3017578,0.0056152,1.2692871,0.3969466,-6.0839695,45.4961814,1083
14061024,0.1801758,0.2985840,0.7897949,-12.2977094,-24.0992374,47.6030540,1083
14093632,-0.2307129,0.1892090,1.4560546,6.4809160,22.2671756,52.5572509,1083
14123148,-0.0527344,0.3046875,1.2683105,13.9007635,-16.5419845,53.3053436,1083
14152748,0.1301270,-0.2402344,0.5178223,4.8625955,-2.6488549,52.7480926,1083
14182276,-0.0375977,-0.1210937,1.9809570,-11.3893127,17.9389305,51.4427490,1083
14211896,-0.0141602,-0.0534668,1.0046386,-2.2671756,-23.6870231,50.3664131,1083
14241536,0.1267090,0.1779785,0.9836426,-6.4885497,31.6717548,58.4122123,1083
14273656,-0.2717285,-0.0927734,1.4350585,-10.9007635,-0.3740458,57.6412200,1083
14303128,0.2395020,-0.2062988,0.5927734,-8.7786254,14.0152673,60.0839691,1083
14332540,-0.3349609,0.4648437,1.0869140,3.2671756,20.8702297,65.5343475,1086
14361928,-0.2558594,-0.2023926,0.8479004,7.3740458,-30.3282451,53.5343513,1086
14391396,-0.1887207,-0.2207031,0.1318359,-2.1297709,24.1450386,56.8473281,1086
14420852,-0.0717773,-0.1174316,1.1518554,-0.8473282,12.7175569,53.1679382,1086
14450312,0.2019043,-0.0278320,0.8166504,-11.0839691,0.0381679,52.8320617,1086
14482668,-0.0195312,0.0703125,1.0427246,4.7175574,46.6030540,54.7633590,1086
14513792,0.0000000,0.1398926,1.4299316,8.1526718,8.9694652,58.3282432,1086
14543156,0.2573242,-0.0295410,0.4291992,4.4580154,14.8854961,65.9160308,1086
14572528,-0.0661621,0.1347656,1.2683105,26.9007625,-9.1832065,53.2977104,1086
14601956,-0.2966309,0.0458984,0.7180176,-8.5877866,-17.1297702,55.9847335,1086
14631396,0.1723633,0.0705566,0.5803223,14.8244276,18.2442741,61.9923667,1086
14663548,-0.1445312,0.1982422,1.0913085,1.7099236,-7.2824425,54.1221389,1086
14693076,-0.3479004,0.1918945,1.2475585,-15.4122133,-32.0381660,65.1068725,1086
14722716,-0.2592773,0.1210937,1.1586914,-13.0458011,-4.9236640,53.7022895,1086
14752284,-0.0803223,-0.0815430,1.0385742,-4.8473281,9.9236640,55.9694671,1086
14781828,-0.1040039,0.1518555,1.2165527,-17.7175579,-17.0610694,51.8854980,1086
14811452,0.0302734,0.0187988,1.2270507,-12.3129768,11.5877866,59.0305328,1086
14840996,-0.0024414,0.1105957,1.1684570,-16.5038166,-11.6412210,53.7328262,1089
14873648,0.0522461,-0.1257324,0.3781738,15.0229005,2.1832060,51.4961814,1089
14903172,-0.0959473,0.1015625,1.4245605,8.9312973,-10.0229005,51.6564903,1089
14932712,-0.1359863,-0.1892090,0.6818848,9.7557249,-24.5419845,54.0000000,1089
14962236,-0.1108398,0.1716309,0.7399902,12.6870231,8.2137403,56.2977104,1089
14991732,0.1386719,0.2780762,1.2597656,-6.2442746,-18.1832065,46.1755714,1089
15021332,0.0180664,0.2026367,0.5126953,21.6106872,11.8931293,63.2595405,1089
15053568,0.1640625,-0.2460937,1.4455566,1.6183205,17.2824420,54.8702278,1089
15083072,0.1022949,0.1418457,1.0874023,11.1450386,-16.6412220,58.8320617,1089
15112616,-0.1989746,0.0610352,0.7119141,4.2290077,24.5343513,60.1984748,1089
15142124,0.0847168,0.3867187,1.3425292,-8.9847326,-22.5572509,56.4045791,1089
15171672,0.0051270,0.0134277,0.2595215,-14.6183204,2.6183207,64.2061080,1089
15201144,-0.2148437,0.1330566,1.3178710,2.1068701,10.0687026,52.7328262,1089
15230628,0.0983887,-0.0131836,0.8081055,7.2519083,-14.9465646,58.3511466,1089
15263168,0.3745117,0.1171875,0.8918457,-5.9465646,29.6564884,68.6641235,1089
15292668,-0.2246094,0.0656738,1.5632324,-8.0763359,-6.0763359,67.8854980,1089
15322220,0.2583008,0.0078125,0.6423340,0.4274809,15.0229005,66.9236679,1089
15351644,-0.1245117,0.2006836,0.9697266,39.2213745,32.2595405,63.6870231,1092
15382816,-0.0119629,0.1362305,0.9086915,3.4732823,-1.4122137,53.0000000,1092
15412344,-0.0993652,0.2817383,1.4541015,5.1221375,-7.4656486,60.6106872,1092
15444616,-0.0688477,0.1884766,1.6152343,-11.6412210,4.4198474,54.6717567,1092
15474192,0.1914062,0.3154297,1.2456054,0.5038168,1.5801526,68.3587799,1092
15503640,0.0217285,0.2617187,1.2121582,-28.7862586,-2.0839693,60.7251892,1092
15533204,0.0827637,-0.0354004,0.6872559,-11.8091602,-22.6183204,64.1679382,1092
15562860,0.0815430,0.0856934,0.5485840,-3.8473281,10.3206110,69.6870193,1092
15592348,-0.0241699,0.1791992,1.1386718,-15.6259546,7.8625955,57.8320617,1092
15621928,0.2648926,-0.1457520,0.3793945,6.7099237,-8.7099237,68.4656524,1092
15654188,-0.0671387,0.0363770,1.3183593,18.5801525,19.1221370,63.8320617,1092
15683768,0.1647949,-0.3364258,0.5959473,-7.8015265,-25.6946563,55.4351158,1092
15713388,-0.0158691,0.1335449,0.6796875,1.0229008,-10.5954198,66.7862625,1092
15742932,-0.1701660,0.1030273,1.4611816,7.9160304,-9.9160308,57.3129768,1092
15772412,0.0266113,0.1162109,0.7487793,-2.8931298,-2.7786259,64.1679382,1092
15801940,-0.1330566,0.1157227,1.1579589,-1.1908396,8.5343513,67.5801544,1092
15834084,0.0231934,0.0007324,0.9709473,-2.0610687,-32.0763359,55.2137413,1092
15863480,-0.0229492,0.0310059,0.7587891,-3.8396947,9.7022905,59.9618339,1095
15892816,0.2045898,-0.0319824,1.2597656,8.0458011,-4.2824425,61.8931312,1095
15922220,0.3566895,0.0727539,0.4389648,-0.2977099,-9.1526718,69.0916061,1095
15951580,-0.1975098,0.1999512,1.1345214,-2.2442748,7.9083967,57.9007644,1095
15980952,-0.1945801,0.4265137,0.6206055,5.8015265,-5.7022900,51.8320617,1095
16010312,-0.0085449,0.2167969,0.9221192,2.0381679,-0.5801527,71.6793899,1095
16042404,-0.1247559,0.1306152,1.4775390,-2.1832060,-22.6717548,59.5725173,1095
16071988,0.0288086,0.1765137,1.1098632,6.4580154,-4.7709922,60.1297721,1095
16101336,-0.1276855,0.1628418,1.1730957,-4.1679387,3.4885497,59.8244285,1095
16130724,-0.0725098,0.3181152,1.0141601,7.4274806,-30.2519092,65.1526718,1095
16160176,0.0639648,-0.1198730,0.5705566,20.1603050,10.1603050,67.9083938,1095
16189536,-0.2487793,0.1088867,1.0092773,12.0458011,-9.1603050,63.0381660,1095
16221696,-0.0363770,0.0375977,0.8833008,-8.4656486,3.2748091,60.1068687,1095
16252712,0.0551758,0.1203613,1.2443847,0.8396947,3.8091602,64.4427490,1095
16282260,0.1179199,0.2104492,0.8781739,-8.0992364,-15.6183204,72.2519073,1095
16311796,-0.1713867,0.0532227,1.3806152,-28.4274806,-19.6106872,66.0152664,1095
16341432,-0.0095215,-0.1208496,1.0415039,-10.6870231,-21.3664131,57.9618339,1095
16371096,0.0187988,0.2480469,0.6120605,-9.3893127,-12.1145038,57.0228996,1098
16400620,-0.1206055,0.1813965,1.3593750,-21.5496177,3.0305342,74.0076370,1098
16432884,0.1806641,-0.0324707,0.5161133,0.6106870,-25.2442741,67.3435134,1098
16462428,-0.1826172,0.0598145,1.1779785,0.1603053,-23.8778629,57.9923667,1098
16491980,0.0717773,-0.1579590,0.5793457,3.6106870,-25.5038166,64.1374053,1098
16521552,-0.2702637,0.0854492,0.6525879,13.6564884,10.4122133,68.8473281,1098
16551092,-0.0976563,0.2724609,1.4416503,5.0839695,-4.1908397,67.0610656,1098
16580588,-0.0480957,-0.0607910,0.9196778,10.2671756,7.8549618,62.9847335,1098
16612832,0.1352539,0.0808106,1.1938476,20.8625946,-42.2442741,59.9007644,1098
16642380,0.2502441,0.1599121,0.8073731,13.9389314,-9.7862596,65.2977066,1098
16671864,-0.1259766,0.3444824,1.4130859,-8.2671756,-0.6717557,62.7022895,1098
16701440,-0.0195312,0.1413574,0.8542481,-9.1221370,-12.0229005,69.2061080,1098
16730980,-0.1333008,0.1755371,1.2416992,-8.8167934,12.8320608,65.0076370,1098
16760528,-0.0156250,0.4016113,1.4582519,11.1221370,-12.2748088,56.2824440,1098
16790084,-0.1469727,-0.1396484,0.8120118,17.8473281,-11.1679391,71.5801544,1098
16822444,0.0441895,-0.1982422,1.1123046,1.4809160,4.2290077,53.2900772,1098
16851876,-0.1130371,0.1960449,0.7861328,-0.4961833,17.6259536,75.2519073,1098
16881448,-0.5134277,0.4777832,1.0559082,9.2671756,23.0381679,67.0992355,1101
16910944,0.2468262,0.3659668,1.4267578,-0.9618321,-4.8167939,61.2442741,1101
16940492,-0.1518555,-0.0187988,1.2983398,-5.9083967,49.6717567,76.1984710,1101
16970056,0.2041016,-0.1638184,0.9794922,-23.4961833,52.9465637,95.5190811,1101
17002388,-0.1491699,0.2143555,1.0847167,2.2213740,23.8244266,74.6717529,1101
17031916,-0.2414551,0.1130371,0.9426270,1.0381679,-3.8778627,69.6412200,1101
17061416,0.0551758,0.0839844,0.8452149,1.6335878,-0.7328245,70.3053436,1101
17090876,0.0205078,-0.0471191,1.1992187,-16.2824420,7.1068701,77.9236679,1101
17122052,0.0324707,-0.0236816,0.6181641,-20.1297702,-9.2595415,82.4198455,1101
17151740,-0.0576172,0.2578125,0.7214355,-10.1526718,15.3893127,65.1068725,1101
17181340,-0.2221680,-0.0019531,0.9440918,-5.6488547,-16.4122142,73.7175598,1101
17213976,0.1247559,0.0820313,0.7939453,-14.4961833,-12.4274806,65.1145019,1101
17243592,-0.1215820,0.1862793,1.0180664,-11.6106872,-25.2595424,67.6183242,1101
17273220,0.0849609,0.0388184,0.8747559,9.8167934,-8.0534353,69.5190811,1101
17302692,-0.1313477,0.4599609,1.0000000,-0.4961833,5.5877861,63.1679382,1101
17332148,-0.2287598,0.1022949,0.9074707,-10.6335878,2.2213740,70.6870193,1101
17361720,0.0324707,-0.0690918,0.6237793,6.3816795,-27.3969459,71.8625946,1101
17393960,0.1384277,0.1108398,0.9331055,-1.0610686,9.3664121,64.6870193,1104
17423312,-0.2333984,0.2360840,0.9062500,9.6793889,-21.1984729,67.8167953,1104
17452704,-0.1230469,0.1457520,0.9970704,11.7633590,-14.1221370,74.0534362,1104
17482160,0.1152344,0.0891113,1.3491210,16.2671756,-0.5343512,75.9923629,1104
17511544,0.0061035,0.5009766,1.3093261,-20.0229015,-11.3587789,68.2977066,1104
17540988,-0.0996094,-0.1801758,0.5104980,-12.2061071,-6.4885497,87.4503784,1104
17570464,-0.0979004,0.0493164,1.2834472,-2.9007633,-7.8244276,62.6946563,1104
17602604,-0.2463379,0.2517090,0.5292969,-2.8091602,-5.1908397,72.4885482,1104
17632112,-0.1196289,-0.2456055,0.7475586,14.9236640,-13.3587789,78.4045791,1104
17661604,-0.0344238,0.1503906,1.5439453,-4.0458016,-17.3587779,58.8702278,1104
17691048,-0.0976563,0.0000000,0.3339844,8.2671756,-25.0687026,87.9923629,1104
17720432,-0.2929687,0.0349121,1.3288574,-14.4580154,-0.4961833,69.1297683,1104
17749892,-0.0397949,0.1428223,0.8352051,0.4503817,-4.3893127,82.5954208,1104
17782016,0.0927734,0.3017578,1.1958007,-28.1145038,-6.6717557,78.3435134,1104
17811588,0.1545410,0.0651855,0.9624024,-2.8549618,-11.5801525,88.4351119,1104
17841160,-0.0891113,0.0891113,0.9606934,-10.6564884,-25.1068706,66.2213745,1104
17870772,0.2185059,-0.0332031,1.0446777,4.7251906,-0.8625954,77.9542007,1104
17900284,0.2226562,0.3256836,1.8764648,-13.9618320,-18.6564884,53.5496177,1107
17929892,0.3435059,0.0490723,1.0444335,-18.1068706,-19.6946563,92.4885482,1107
17959492,0.0212402,-0.0346680,1.2224121,-19.5572509,-27.4885501,71.6259536,1107
17993756,0.2434082,0.2392578,0.6525879,-13.8931293,-17.0152664,78.9542007,1107
18023468,0.0441895,-0.0104980,1.3498535,-17.0076332,83.2137374,68.3206100,1107
18053020,-0.2458496,-0.2849121,0.5739746,39.2213745,-77.1450347,76.3206100,1107
18082660,-0.2917480,0.4716797,0.6442871,-0.3511450,24.0610694,78.6870193,1107
18112180,-0.5815430,0.4638672,1.1674804,-0.7633588,1.3587785,101.3816757,1107
18141760,0.0419922,0.0168457,0.4885254,-5.2748093,26.6641216,75.3587799,1107
18174000,-0.3041992,-0.0217285,0.7424316,-0.2442748,26.6564884,95.8320617,1107
18203568,-0.1665039,0.5356445,0.8959961,4.6641221,-3.3435113,74.3435134,1107
18233064,-0.1127930,0.3059082,0.6105957,0.1068702,34.1603050,68.9923629,1107
18262528,-0.0388184,0.1679687,0.8767090,10.9923667,34.8244285,91.5267181,1107
18292140,-0.0546875,-0.0312500,0.5261230,7.2900762,-1.1755725,68.7862625,1107
18321660,0.1813965,0.1965332,0.6535645,1.3816794,41.0152664,86.2671737,1107
18353876,-0.1713867,0.0756836,1.1774902,16.1908397,0.8854962,79.5725173,1107
18383388,-0.1162109,0.2180176,0.5991211,8.7633590,1.9236640,80.8091583,1107
18412832,0.2258301,0.3867187,1.6484375,1.2137404,-12.1221370,70.9847335,1110
18442348,0.3283691,0.1074219,1.6044921,-19.0305347,-34.9923667,84.7175598,1110
18471924,0.1010742,0.0405273,0.9821778,-5.2137403,-1.2977099,78.8702316,1110
18501412,-0.1643066,0.2539062,1.7673339,-21.9541988,-26.4274806,72.2290039,1110
18531016,-0.0190430,0.1562500,0.8649903,-1.1450381,-6.9236640,74.9236679,1110
18563292,-0.1313477,0.2031250,1.3376464,-4.0076336,-6.7404580,83.2671737,1110
18592856,-0.1372070,0.1198730,1.0339355,-2.1145038,-37.0381660,83.8625946,1110
18622456,-0.0219727,0.2216797,1.1750488,-1.7557251,-38.8396949,78.3511428,1110
18652052,0.0529785,-0.0805664,0.8906250,14.5343513,-46.9694671,74.9236679,1110
18681636,-0.1267090,-0.0310059,0.6147461,-4.2824425,-16.2137413,70.5801544,1110
18711252,-0.2551270,0.2238770,1.2648925,-14.9770994,-1.7938930,84.8625946,1110
18743608,-0.0351562,-0.0146484,1.0292968,0.1526718,-60.3358764,78.5572509,1110
18773196,-0.3234863,0.1804199,0.9946290,4.7404580,-1.8854961,87.8091583,1110
18802736,-0.3041992,0.0458984,0.5576172,7.7557253,4.0916032,80.2977066,1110
18832200,-0.0236816,0.4653320,1.0361328,-9.6488552,41.7709922,79.4274826,1110
18863396,-0.5476074,0.2019043,0.6247559,1.0229008,-10.4580154,86.5419845,1110
18893028,-0.0681152,0.1823730,0.4663086,16.2519092,0.7709923,84.2595443,1110
18922568,-0.1279297,0.3471680,1.3676757,-14.6183204,9.9541988,78.5801544,1113
18954728,-0.0666504,0.2009277,1.0307617,-5.0610685,-26.3587779,77.2213745,1113
18984172,-0.1901855,0.4560547,0.9509278,-18.2213745,-40.6717567,77.7251892,1113
19013692,-0.1147461,0.0544434,1.0190429,-11.4961833,-29.0305347,85.7175598,1113
19043212,-0.1806641,0.2478027,0.4748535,4.5190839,-8.8625955,82.1297683,1113
19072592,-0.1823730,-0.0092773,0.7971191,-15.4351148,3.2442748,82.9083938,1113
19102052,-0.2683105,0.3242187,0.6015625,10.4045801,-0.4885496,87.0916061,1113
19134148,0.1428223,-0.1254883,0.7438965,10.0305347,-9.9694652,80.3893127,1113
19163716,-0.2573242,0.2836914,1.0629882,40.5725173,-22.4045810,82.1526718,1113
19193180,0.1975098,0.2258301,0.9592286,35.8473281,-35.4580154,83.3358764,1113
19222620,0.0427246,0.3181152,1.4497070,-7.6717557,-15.0839691,70.6488571,1113
19252052,-0.1389160,0.0224609,0.6516113,-0.5725191,-2.7709922,84.2977066,1113
19281464,-0.0561523,-0.0471191,0.9221192,7.1068701,-20.3129768,76.2977066,1113
19310916,0.1035156,-0.0002441,0.9721680,3.1374046,6.6946563,75.5954208,1113
19342992,0.0566406,-0.0683594,1.2114257,16.7251911,-10.6412210,73.6641235,1113
19372592,-0.0061035,-0.0288086,0.7426758,23.5419845,25.2442741,79.5343475,1113
19402172,-0.1589355,0.1933594,0.6079102,14.9083967,1.8244275,91.3969497,1113
19431672,-0.0114746,0.1157227,1.1130371,13.5190839,5.0458016,83.5801544,1116
19461216,-0.0905762,0.1018066,0.8793946,-20.2595424,-3.6793892,82.8473281,1116
19490796,0.0383301,0.4851074,1.1508789,-0.1908397,-16.0610694,81.1832046,1116
19523072,0.1577148,0.2224121,1.0722656,-11.2290077,11.4656486,86.3664093,1116
19552620,-0.2573242,0.0698242,0.8872071,-10.8778629,-19.7175579,81.3664093,1116
19582268,-0.1081543,0.0725098,0.7561035,14.3206110,-4.8473281,83.4961853,1116
19611816,0.4958496,0.1123047,1.7360839,-6.6793894,-25.4580154,73.3664093,1116
19641388,0.2431641,0.1594238,0.8710938,-5.9847326,-13.2900762,96.0305328,1116
19670912,0.0224609,-0.0183105,1.6689453,2.3282442,40.0610694,75.0687026,1116
19700436,0.4553223,0.3159180,0.9631348,23.1374053,43.6412200,95.8473281,1116
19734468,-0.4807129,0.0549316,1.1494140,-12.5801525,29.8625946,88.2137374,1116
19764144,0.1608887,0.4121094,0.9340821,-10.5572519,-3.6641221,74.3816757,1116
19793680,-0.1481934,0.1115723,1.2497558,-2.7709922,26.2061061,90.2900772,1116
19823248,-0.0156250,-0.0148926,0.9777832,-0.2061069,10.9694652,82.1374053,1116
19852792,-0.1767578,-0.1706543,0.4077148,12.5419845,26.1145038,98.8167953,1116
19882356,-0.1711426,0.4887695,1.1076660,-15.2519083,7.4885497,80.8625946,1116
19914628,-0.2116699,0.3872070,0.8181153,-25.5343513,-23.0916023,86.6793899,1116
19944288,-0.2341309,0.0356445,0.9448243,-17.2213745,-13.7175569,85.7022933,1119
19973888,-0.2797852,-0.3339844,0.3713379,16.8091602,-8.1374044,100.4809188,1119
20003496,-0.0437012,0.2294922,1.1357421,-10.2671756,7.7786259,75.6259536,1119
20033036,-0.0197754,0.1293945,1.0080566,2.8396947,19.4809169,100.3282470,1119
20062576,0.1618652,0.4753418,1.1516113,-1.9770992,-21.1832065,77.4580154,1119
20092120,0.0439453,0.4519043,1.2145996,-7.9160304,4.0839695,97.0000000,1119
20124272,-0.0058594,-0.1091309,0.9438477,10.7099237,21.0152664,89.7099227,1119
20153836,0.3166504,0.3532715,1.5485839,7.0534353,45.2366409,103.5877838,1119
20183396,-0.0300293,0.4116211,1.3903808,-0.0916031,-6.1603055,89.3511428,1119
20212916,-0.0080566,0.0053711,1.0490722,-12.4122133,-15.2061071,95.6870193,1119
20242540,0.0761719,0.2546387,0.9404297,-10.8091602,4.3129773,85.3282470,1119
20272052,-0.0646973,-0.1115723,0.7060547,5.7709922,-6.6488547,109.1984710,1119
20304412,-0.1445312,0.2124023,1.3198242,-7.3969464,-4.2061066,83.3053436,1119
20333972,-0.1936035,0.4208984,1.0805664,-13.0076332,-10.6793889,86.9847335,1119
20363616,-0.0517578,-0.0910645,0.4309082,-2.1755726,10.3206110,91.2595443,1119
20393184,-0.4267578,0.3039551,1.1225585,0.2824428,19.3664131,105.3206100,1119
20422764,-0.0039063,-0.2033691,0.6828613,7.9541983,-9.4809160,94.7709960,1119
20452288,-0.2800293,0.2246094,1.2026367,8.1145038,-0.7862596,105.1679382,1122
20481844,0.0854492,0.2412109,0.6992187,4.4198474,-11.5190839,96.0916061,1122
20513968,-0.2573242,0.4223633,1.1518554,-12.9236640,8.8549613,84.5801544,1122
20543444,-0.1176758,0.0783691,0.3540039,1.7633588,-14.4503812,98.0687026,1122
20572832,0.3793945,0.1313477,1.0063476,-16.9083976,-50.1068687,73.0076370,1122
20603920,0.1796875,0.3940430,1.8137207,-6.0381679,-10.9847326,94.3206100,1122
20633440,0.1955566,-0.2246094,0.8967286,14.9236640,1.3282443,101.3664093,1122
20662856,-0.0349121,0.3330078,1.1784667,12.2519083,6.2824425,87.1755752,1122
20702836,-0.2338867,-0.0251465,0.4196777,8.6870231,-21.1603050,92.0992355,1122
20734468,-0.1018066,0.3063965,1.1933593,0.9389313,-22.6870231,82.4961853,1122
20766112,-0.0107422,0.0615234,1.1367187,11.9923667,7.7938933,82.1450347,1122
20797704,0.1059570,0.1674805,1.1367187,-2.4580152,34.2061080,98.8625946,1122
20829284,-0.1779785,0.2675781,0.9790040,14.3206110,10.8549613,94.7633590,1122
20860912,0.0141602,-0.0058594,0.6281738,0.8091603,-1.0916030,94.8167953,1122
20892440,-0.2172852,0.1118164,1.5869140,20.9007625,-18.9770984,92.4656524,1122
20927156,0.0407715,0.1406250,0.5690918,9.2824430,-2.7328243,89.3511428,1122
20958840,-0.1057129,0.2241211,1.4843750,5.7862596,-9.8396949,101.7557220,1125
20990552,0.1987305,-0.1982422,0.4450684,-16.9541988,-46.1832046,93.0152664,1125
21022368,0.1149902,0.1564941,1.3579101,-2.5877861,18.8702297,79.0000000,1125
21053988,0.0837402,0.3354492,0.8498536,-5.7328243,-2.6870229,86.7862625,1125
21085720,0.2561035,0.3750000,1.2819824,-18.6030540,18.8091602,91.2061080,1125
21120168,-0.0935059,-0.1413574,0.2614746,26.4045810,-12.6030530,95.5190811,1125
21151956,-0.1396484,0.0402832,1.5175781,-3.7251908,20.9160308,85.6870193,1125
21183700,-0.1228027,0.0095215,0.8051758,45.1908378,38.2213745,100.7938919,1125
21215456,0.1413574,0.5078125,0.9790040,15.2213745,15.1297712,95.4045791,1125
21247172,0.1376953,0.5053711,1.2639160,-6.5877861,-2.4045801,94.9694671,1125
21278904,-0.1237793,0.2119141,1.0786132,-0.0763359,-4.2366414,88.0763320,1125
21313376,0.1494141,0.0410156,0.5878906,4.9312977,5.3129773,95.4274826,1125
21344992,0.0825195,-0.2089844,1.0429687,-8.5038166,39.0839691,101.5419845,1125
21376716,0.0007324,0.1752930,1.0466308,3.5190839,19.7938938,82.7175598,1125
21408332,0.1159668,0.4301758,0.4846191,-44.0610694,-16.3587779,97.1832046,1125
21440108,0.0756836,0.5637207,1.4970703,-28.6488552,18.8091602,94.0534362,1125
21471800,0.0815430,-0.0168457,0.8579102,-16.6641216,-16.9541988,106.5725173,1128
21505412,-0.1188965,-0.2834473,0.8312989,-0.9312977,23.8778629,104.7480926,1128
21540072,-0.0234375,-0.3955078,0.7414551,22.9618320,-46.3282432,107.1526718,1128
21571900,-0.1298828,-0.0566406,0.9165040,10.4427480,-13.5419845,85.4122161,1128
21603696,-0.4064941,0.5410156,0.9621582,3.6793892,-34.0916023,94.9770965,1128
21635412,0.0114746,0.3298340,0.9360352,9.4503812,8.8702287,91.2900772,1128
21666996,-0.1823730,0.2751465,1.1420898,3.9618320,15.0305347,108.1755752,1128
21698732,0.0515137,0.6357422,1.0332031,-8.4961833,-17.6870231,90.1755752,1128
21733204,-0.3593750,-0.1638184,0.0061035,18.3969459,-35.8244285,129.3816833,1128
21765088,0.1188965,-0.1145020,1.2438964,5.9007635,13.9847326,86.5648880,1128
21796792,-0.4084473,0.4604492,0.2927246,2.3587787,18.4274806,110.1450347,1128
21828500,-0.0935059,0.6296387,1.1884765,3.7251908,30.8396949,101.0687026,1128
21860256,-0.2209473,-0.0153809,0.9780274,8.8167934,0.0229008,118.5190811,1128
21891960,-0.0561523,0.1645508,0.9294434,20.8549613,5.1374044,92.3282470,1128
21923680,-0.3020020,0.2426758,0.7978516,29.8549613,-19.3282451,117.2900772,1128
21958236,-0.3176270,0.0512695,0.1662598,0.8244275,7.7251906,100.6793899,1128
21989940,-0.0227051,-0.0446777,-0.0251465,5.5877861,68.9465637,118.5419845,1131
22021736,0.3139648,0.5068359,0.5664062,35.7557258,70.4351119,106.4045791,1131
22053448,0.0942383,-0.1406250,1.2087402,16.8854961,27.8625946,106.7480926,1131
22085228,-0.0627441,-0.1564941,0.9067383,22.2442741,-5.9465646,118.0381698,1131
22117040,-0.0871582,0.5383301,1.3234863,-21.5190830,-20.8015270,95.9389343,1131
22151448,-0.2500000,0.2355957,0.8549805,13.3893127,-2.4732823,113.7099227,1131
22183068,-0.0795898,0.3820801,1.2075195,-9.7786254,-36.4351158,106.8854980,1131
22214748,0.0795898,-0.1884766,1.3298339,-14.6259546,-17.8320617,102.5343475,1131
22246504,-0.0456543,0.2856445,0.9645997,-0.9923665,-27.1145038,107.8244247,1131
22278172,-0.1125488,0.2758789,1.4147949,6.4503817,-16.6030540,122.4045791,1131
22309796,0.3879395,0.1262207,1.3432617,15.3129768,1.0839694,95.1145019,1131
22341352,-0.0517578,0.4628906,1.3083496,-20.5419845,19.3435115,100.6488571,1131
22375732,-0.0539551,0.0720215,1.0842285,-0.3053435,-10.2442750,93.1755752,1131
22407512,0.0664063,0.2285156,1.2607421,-13.8473281,-5.1603055,109.8167953,1131
22441064,-0.3540039,0.1682129,0.4804687,-1.9847328,6.5038166,117.8091583,1131
22472776,-0.3950195,0.2321777,0.7802734,-15.7022905,7.8625955,93.7862625,1131
22504416,-0.0832520,-0.3093262,0.5810547,-5.9389314,5.9160304,131.1145019,1134
22536012,-0.3674316,-0.0981445,0.8813477,13.4198474,6.7099237,108.0457992,1134
22570384,0.0280762,-0.0659180,0.8906250,35.9541969,-13.0305347,116.1145019,1134
22602176,-0.2045898,0.1496582,1.4829101,14.8320608,-45.2442741,101.7862625,1134
22633980,0.1208496,0.2592773,1.0742187,3.7480916,33.1450386,105.8167953,1134
22665704,-0.3498535,0.2255859,1.0590820,9.5496187,13.3664121,116.4885482,1134
22697452,0.0100098,0.3432617,0.8076172,-10.5877866,-7.0687022,90.9389343,1134
22729160,-0.0915527,0.1877441,0.8391114,-15.7022905,23.6793899,130.1908416,1134
22763744,0.0834961,1.1464843,1.8581542,-67.6717529,-5.2824425,88.4580154,1134
22795484,0.0195312,0.7128906,1.2326660,-33.0687026,3.1450381,118.0305328,1134
22827208,-0.0397949,0.4626465,0.9282227,-6.4427480,-32.2061080,108.8702316,1134
22859036,0.2678223,0.1137695,1.3415527,4.3282442,20.8778629,96.6488571,1134
22890720,-0.1779785,0.8039551,0.9448243,1.2061069,-5.8854961,122.1603088,1134
22922440,0.1635742,-0.2036133,0.3862305,7.9694657,-35.6106872,106.0916061,1134
22954212,-0.2512207,0.2661133,1.5415039,-28.8702297,3.0839693,109.6870193,1134
22988748,0.0895996,0.2832031,0.4841309,-17.8625946,31.6335868,101.8778610,1134
23020524,0.1928711,0.2023926,2.0451660,3.5114502,54.2977104,92.6183242,1137
23052172,-0.0065918,0.6728516,0.8361817,8.8854961,7.2519083,104.6106872,1137
23083864,-0.1945801,0.1518555,1.1787109,18.6564884,34.0000000,99.2748107,1137
23115504,0.0021973,0.4611816,0.9645997,-14.6641225,-10.4122133,99.4809188,1137
23147268,-0.0292969,0.0654297,1.1618652,-8.1603050,31.1832065,109.5496215,1137
23181744,0.0185547,0.5270996,1.1232910,36.2671737,-52.2900772,91.6870193,1137
23213448,0.1164551,-0.4677734,0.3361816,22.3282451,-56.8244285,124.9007644,1137
23245276,-0.0146484,0.0600586,1.1955566,6.9312977,-29.9236640,105.7480926,1137
23276996,-0.3178711,0.6225586,0.2993164,-29.5648860,-50.1221389,114.1450347,1137
23308828,-0.1901855,-0.0639648,1.3557128,-11.3893127,8.0458011,122.7099227,1137
23340652,-0.0334473,0.1323242,1.4206542,-8.4580154,-2.8244274,93.7709960,1137
23373984,-0.0886231,0.3410645,0.9218750,3.5572519,0.0458015,102.4580154,1137
23408532,0.2060547,0.2656250,0.8488770,-26.4045810,23.5114498,113.3358764,1137
23440332,0.2397461,0.1621094,1.6340332,-7.3969464,12.5496187,86.0610656,1137
23472024,0.3620605,-0.2529297,0.8293457,25.8244266,-39.3511466,117.0534362,1137
23503864,0.2687988,0.5561523,1.0305175,-24.0000000,-10.6717557,111.9312973,1137
23535612,-0.0244141,0.2561035,1.3112792,-0.2290076,7.5648856,101.4961853,1140
23567380,-0.0056152,0.0290527,0.3237305,33.1526718,29.1221370,118.8549652,1140
23601880,-0.0725098,0.2080078,0.9555665,-5.9618320,29.6106872,110.6946563,1140
23633596,-0.0971680,0.2810059,0.7478027,-33.9923667,22.8625946,122.0534362,1140
23665412,-0.1860352,0.1948242,1.2648925,-10.9007635,17.9847335,103.1068725,1140
23697236,0.1955566,0.5378418,1.1762695,-10.4732828,-11.0916032,103.2442779,1140
23729056,-0.1174316,0.0124512,0.9108887,13.8091602,22.3282451,125.7480926,1140
23760852,-0.1105957,0.1982422,1.0991210,-4.2977099,12.9312973,131.2748107,1140
23792608,-0.0512695,-0.2546387,0.5422363,17.3435115,4.8015265,98.8549652,1140
23827012,0.2978516,0.3764648,1.5292968,3.0610687,29.6793899,112.7328262,1140
23858588,-0.1213379,0.1870117,0.8066407,8.4351148,-30.9923667,107.4427490,1140
23890224,0.0253906,0.3244629,1.3845214,-14.3511447,-2.7786259,117.6335906,1140
23921884,0.0837402,0.2788086,0.5351562,3.3129770,-14.0916032,128.7938995,1140
23953472,0.0827637,0.1157227,0.8544922,-22.9083976,25.7175579,127.0992355,1140
23985112,-0.0573730,0.6018066,0.9289551,-38.8854980,-39.0076332,123.5343475,1140
24019528,0.0356445,-0.2119141,1.2390136,-20.9007625,-31.6870231,119.5725173,1140
24051368,0.3063965,0.2966309,1.0610351,-8.1297712,-25.3511447,96.0457992,1143
24082968,-0.1520996,-0.0966797,0.7194824,14.5267171,24.6106872,122.2824401,1143
24114640,-0.0827637,0.2751465,1.0319824,17.8244266,-5.7175574,93.5038146,1143
24146276,-0.0981445,0.1660156,1.0324707,7.5496182,16.0839691,138.3816833,1143
24177900,-0.4851074,0.6833496,1.5314941,-11.6564884,1.7022900,80.1297683,1143
24212248,-0.0236816,0.4450684,0.6101074,-35.5648841,-25.2977104,123.4274826,1143
24244100,-0.1135254,0.0124512,1.0817871,-14.7251911,-4.0076336,119.4732818,1143
24275928,0.1755371,0.3391113,0.6813965,-0.9007634,16.9160308,112.0152664,1143
24309260,0.1914062,0.2397461,1.3208007,7.3129773,60.3435096,96.1068725,1143
24341028,-0.0109863,0.5720215,0.8056641,25.5725193,63.7480926,120.6793899,1143
24372772,0.0078125,0.0891113,1.1530761,8.0610685,27.0839691,112.5725173,1143
24404496,0.0478516,0.3676758,1.2214355,-4.8931298,-8.2595415,117.4351119,1143
24439020,0.0827637,0.1762695,1.2006835,26.4351139,-2.0687022,129.6183166,1143
24470748,-0.2404785,-0.3757324,1.1906738,38.4351158,43.3969459,133.3435058,1143
24502580,0.0131836,0.2561035,1.1821289,12.6335878,48.1832046,111.6564865,1143
24534324,-0.0139160,0.5085449,1.0781250,0.5190840,-7.5954198,124.3893127,1143
24566052,-0.0998535,0.5263672,1.1716308,-13.5114507,-15.2061071,125.6946563,1146
24597912,0.1071777,0.7050781,1.2941894,-20.2519092,-64.7633590,105.9389343,1146
24632444,0.4489746,0.2419434,1.1472167,-23.9618320,-47.4045791,124.1221389,1146
24664264,0.3735352,-0.5307617,0.8825684,-15.9236640,18.9694652,111.2748107,1146
24696056,0.1469727,0.0712891,1.2019042,17.8854961,-1.3664121,108.5572509,1146
24727780,0.1667480,0.4460449,0.6245117,-14.8167934,-31.1068706,123.7099227,1146
24759596,-0.0842285,-0.2285156,0.2951660,23.6793899,-22.3053436,145.8167877,1146
24791440,-0.0500488,0.1926270,1.1479492,5.9236640,-16.8091602,107.5648880,1146
24823176,0.2575684,-0.3937988,0.4689941,-19.1297702,-75.5038146,115.6641235,1146
24858064,-0.1235352,0.1271973,0.1372070,-65.0457992,-155.0076293,126.0305328,1146
24889928,0.3483887,0.3867187,1.4353027,-17.8854961,-31.3969459,98.4198455,1146
24921696,0.1088867,-0.0534668,0.1604004,11.0687026,-20.9389305,129.8778686,1146
24953440,0.0534668,-0.2167969,1.3977050,3.3893129,38.0228996,108.1450347,1146
24985172,0.3908691,0.5104980,1.0383300,-27.8473281,-21.9694652,93.8549652,1146
25016936,0.1474609,-0.0520020,0.9272461,-14.5419845,54.1068687,129.2519073,1146
25051440,0.0263672,-0.2365723,1.4382324,5.0229005,33.5877876,110.7404556,1146
25083188,-0.1555176,0.2001953,0.9121094,18.9847335,16.5343513,118.9923629,1149
25114984,-0.0141602,0.2668457,0.9104004,10.3664121,-71.4122161,128.9618377,1149
25146828,-0.2585449,-0.0603027,0.3881836,-8.1068706,-33.4427490,145.2824401,1149
25178656,0.1523437,-0.0126953,1.0710449,-3.4045801,16.9389305,117.8778610,1149
25210428,0.0949707,-0.1513672,0.6542969,11.2900762,23.8549613,133.1145019,1149
25246620,-0.0559082,-0.5209961,0.7932129,19.5114498,4.7862596,147.1526641,1149
25278504,-0.2875977,-0.1738281,0.2624512,42.9083976,11.4580154,136.4045867,1149
25310292,-0.4211426,0.5966797,0.1772461,-11.7328243,-9.6488552,116.5877838,1149
25342132,-0.1140137,0.1791992,1.0502929,12.7251911,14.0839691,143.6564941,1149
25373908,-0.0996094,0.2263184,0.6591797,-10.7557249,41.3664131,134.7099304,1149
25405740,-0.2153320,-0.1005859,0.6437988,17.7175579,5.6412215,138.5190887,1149
25437500,0.0136719,0.4553223,0.7749023,-18.2671756,16.5572509,106.2595443,1149
25472152,-0.1374512,0.0895996,0.4489746,18.5877857,-29.9465656,130.2824401,1149
25503856,-0.1826172,0.2255859,1.1660156,20.3511447,41.8625946,123.0839691,1149
25535500,-0.0703125,0.4470215,0.5947266,23.4274806,-2.8625953,130.9541931,1149
25567140,-0.1518555,-0.0639648,1.2871093,-12.7175569,38.6106872,125.7938919,1149
25598880,-0.1589355,0.4743652,0.7956543,6.8778624,6.3816795,108.1068725,1152
25630472,0.0305176,0.6845703,1.1870117,-57.7022895,-27.6564884,115.2519073,1152
25664860,0.0451660,0.3688965,0.7619629,-25.4122142,38.1603050,122.5038146,1152
25696600,0.0844727,0.2724609,0.8962403,9.2442750,44.4885482,135.2748107,1152
25728140,0.1081543,-0.0417480,0.5288086,36.1374053,-3.1603052,117.9312973,1152
25759800,-0.0151367,0.2998047,1.4020996,2.2519083,-24.3587779,113.3740463,1152
25791420,0.0915527,0.2775879,0.8386231,-34.3511466,-60.6946563,135.8244323,1152
25823132,0.1311035,-0.3896484,0.7927246,-11.2824430,5.6641221,137.1145019,1152
25857560,-0.2221680,0.0915527,0.4956055,1.5496183,11.1526718,113.1526718,1152
25889296,0.0253906,0.3024902,0.1203613,29.0000000,7.5954198,154.0076293,1152
25920908,0.0432129,0.2136230,0.6311035,-8.6793889,33.7328262,112.4274826,1152
25952656,0.0302734,0.8000489,1.3078613,-37.8167953,-27.0305347,106.8396911,1152
25984436,-0.2084961,-0.0405273,0.7172852,18.6641216,-2.2595419,139.7175598,1152
26016228,-0.2456055,0.3662109,0.8703614,-0.5725191,4.2977099,109.9312973,1152
26047968,0.0974121,-0.1511230,0.7265625,-12.9160308,-34.4503822,122.5343475,1152
26082584,0.2111816,0.0939941,1.2478027,-12.8396949,34.1374053,106.2748107,1152
26114372,0.3574219,0.3979492,1.5446777,15.7251911,-24.9694652,105.8473281,1155
26146192,-0.4257812,0.2673340,0.9973145,-9.8091602,11.4885492,139.9084014,1155
26179564,-0.2006836,0.3781738,1.2426757,8.9694652,-20.6870231,113.9465637,1155
26211448,-0.3908691,0.5871582,1.2050781,23.2977104,-19.3816795,92.0229034,1155
26243236,0.1906738,0.2827148,0.6115723,34.4198455,2.8778627,123.9694671,1155
26277668,-0.1530762,0.5397949,1.5341796,31.8854961,62.6412200,145.2824401,1155
26309432,-0.1804199,0.3188477,1.0815429,6.7251906,17.1068706,121.5877838,1155
26341184,-0.1186523,0.6098633,0.9658204,-23.6488552,-5.0076336,105.3893127,1155
26372968,-0.1418457,-0.2026367,0.6916504,-4.8854961,3.7480916,151.4045867,1155
26404748,-0.0178223,0.3701172,1.4311523,10.4427480,21.2671756,138.6412200,1155
26436508,-0.1367187,0.4179687,0.8225098,2.6488549,8.6793889,139.1679382,1155
26468208,-0.1066895,0.0773926,1.1386718,-1.5114503,26.5954189,134.4351196,1155
26502704,-0.1308594,0.3732910,0.9741211,9.0381679,48.0916023,110.6564865,1155
26534408,-0.1342773,0.2180176,1.0991210,-3.5190839,25.1526718,115.2748107,1155
26566204,0.1040039,0.3823242,0.9682618,-47.8320617,-10.1145038,129.7022857,1155
26597960,-0.3693848,0.3271484,1.4616699,-6.5648856,1.7480916,121.3053436,1155
26629696,0.1313477,0.2690430,1.3781738,2.7633588,-21.4961833,122.0229034,1158
26661460,-0.5339355,0.0844727,0.7978516,1.5801526,0.9312977,157.7709960,1158
26695852,0.0451660,-0.1708984,1.0107421,0.6259542,-25.4427490,95.3664093,1158
26727572,-0.0866699,-0.6025391,0.5478516,41.0458030,-3.1679389,123.3282470,1158
26759392,0.0209961,0.1972656,0.9904786,10.7633590,15.0916032,134.3129730,1158
26791100,-0.0244141,0.5107422,1.1416015,-44.6870231,-1.8625954,128.5801544,1158
26822908,0.0981445,0.8095704,1.7214355,-7.4656486,-15.2977094,116.2977066,1158
26854668,0.2985840,0.4086914,1.3916015,22.0229015,-14.2366409,123.5801544,1158
26886456,0.1472168,-0.1638184,0.7985840,19.9541988,33.9236640,139.4427490,1158
26921044,0.0280762,0.2863770,1.2343750,6.4427480,-22.3511447,119.0763320,1158
26952768,0.2607422,0.2187500,0.9980469,13.2977094,-2.0000000,132.4885559,1158
26984404,-0.0109863,0.7170410,0.9575196,-38.7709922,-8.7328243,117.6946563,1158
27016204,-0.0551758,0.3208008,0.7568359,3.3816792,-14.8320608,150.0305328,1158
27047964,0.0390625,0.3193359,1.5187988,-5.3053436,1.5725190,120.3740463,1158
27079668,-0.0917969,0.1320801,0.5979004,5.6564884,10.9770994,148.7557220,1158
27115612,-0.1105957,0.7626953,1.0646972,4.0229005,-17.8396949,138.8473358,1158
27147372,-0.0339355,0.3129883,0.6557617,19.9770984,7.5877861,140.6488494,1161
27178952,-0.0183105,-0.4865723,0.6057129,30.0839691,27.1297702,116.9770965,1161
27210620,-0.2155762,0.2414551,0.7702637,25.4656486,4.2824425,135.6488494,1161
27242256,0.0761719,0.1379395,1.0690917,15.4809160,66.9694671,121.5190811,1161
27273852,-0.2041016,0.9643555,1.6186523,-19.3053436,77.4045791,118.1526718,1161
27308264,-0.1069336,0.3779297,1.0476074,4.9541983,44.8015251,111.3587799,1161
27340012,0.0593262,0.6186523,1.5004882,32.9541969,47.7328262,118.3893127,1161
27371628,0.3537598,-0.2104492,0.9609375,24.4122142,-0.0992366,116.3740463,1161
27403276,0.0112305,0.6037598,0.9794922,7.4732823,11.8778629,121.5496215,1161
27434820,0.0163574,0.2275391,1.0615234,12.9618320,-23.4274806,132.6030578,1161
27466472,0.0588379,0.4858398,1.0190429,-9.3816795,1.8473281,140.8931274,1161
27498028,0.3027344,-0.0800781,1.1110839,-23.7328243,31.0839691,124.4122161,1161
27532452,-0.1223145,0.0578613,0.5124512,5.0305342,-4.4198474,137.1679382,1161
27564208,-0.0537109,-0.1403809,0.4904785,21.6259536,-5.2213740,167.6488494,1161
27596000,-0.0759277,0.2275391,1.2458496,-27.4656486,-0.7099237,138.3053436,1161
27627820,-0.0864258,-0.1069336,0.6020508,-3.6335878,7.3435115,124.4122161,1161
27659636,-0.0839844,0.3195801,1.1125488,3.7404580,-4.1221375,119.8396911,1164
27691364,-0.0363770,0.3889160,0.8537598,-2.5496182,8.9389314,129.0610656,1164
27725864,-0.0292969,0.4343262,0.9819336,-20.2595424,60.1374053,133.2595367,1164
27757676,-0.0449219,0.3962402,1.4301757,10.8702287,61.7786254,123.1832046,1164
27789436,0.0449219,0.6159668,1.0214843,11.4122133,24.8931293,112.7862625,1164
27821188,0.2399902,0.0209961,0.5727539,-10.4351148,6.3511452,142.1526641,1164
27852912,-0.1379395,-0.1420898,1.2150878,21.7709922,13.1679391,114.3435134,1164
27884740,0.2448730,0.3933105,1.6706542,3.8549618,21.9083976,101.6488571,1164
27916432,0.0141602,0.9174805,1.1516113,-45.5419845,-64.2442779,95.3816757,1164
27951216,0.2026367,0.5200195,1.6193847,-8.9541988,-10.1450386,135.1297760,1164
27982992,0.0329590,0.5795898,0.7275391,10.1755723,-15.9694652,135.7404632,1164
28014744,0.0493164,0.7397461,1.3054199,3.8702289,15.4045801,104.4885482,1164
28048024,0.1069336,0.4299316,1.6088867,-0.7480916,1.7786259,131.9007568,1164
28079800,0.1406250,0.3925781,1.0317382,9.3282442,-17.5038166,150.4274749,1164
28111520,-0.0949707,0.0798340,0.9208985,12.1145038,1.3206106,148.6870269,1164
28145940,-0.3227539,-0.0317383,0.9025879,-13.2595415,-1.8320610,145.0686950,1164
28177764,-0.1054687,0.4331055,0.9851075,-10.6946563,-15.8473281,126.5114517,1167
28209604,-0.2973633,0.0637207,0.2792969,22.5419845,-16.9312973,144.5801544,1167
28241420,-0.2348633,0.6672363,0.7465820,9.4122133,3.7175571,133.2977142,1167
28273120,0.3105469,0.3879395,0.8322754,-26.0458011,22.5114498,144.4656524,1167
28304908,-0.2016602,0.7368164,1.2421875,-0.0458015,65.0839691,101.9389343,1167
28336664,-0.2172852,0.3735352,0.7529297,-10.6183204,65.1603088,144.9541931,1167
28371536,0.0085449,0.7956543,1.0178222,9.4351148,53.0076332,141.1297760,1167
28403212,-0.1474609,0.6682129,0.9631348,7.7862596,45.5419845,143.0000000,1167
28434860,0.1789551,0.6411133,0.8315430,44.7786254,22.7557258,125.0457992,1167
28466628,0.5493164,0.1760254,0.9787598,41.8625946,26.7938938,144.3587799,1167
28498380,0.2250977,0.3991699,0.9299317,24.0381679,45.4045791,140.3206176,1167
28530116,0.0039063,0.6320801,1.0727539,7.2366414,-6.1679387,132.2213745,1167
28564588,0.0603027,0.4064941,1.1965332,-5.9236640,15.9312973,148.0686950,1167
28596304,-0.0781250,0.7878418,0.9206543,-4.0534353,-16.5343513,105.8091583,1167
28628120,0.6416016,0.5964355,1.3696289,-34.9160308,-76.4732818,115.6259536,1167
28659968,0.3337402,0.2451172,1.2375488,-20.3206100,-23.6030540,138.0458068,1167
28691776,0.2927246,0.2910156,1.3981933,-34.9236640,-19.0229015,133.4122161,1170
28723632,0.0732422,0.5043945,1.4174804,-23.0381679,-30.8854961,114.7938919,1170
28758044,-0.0849609,0.5993652,1.2497558,-26.4351139,-45.1221389,136.1679382,1170
28789756,-0.1501465,0.4545898,0.9511719,10.3358774,-45.1297721,130.2366485,1170
28821480,-0.0527344,0.1789551,0.7365723,29.7022895,6.2900762,125.0839691,1170
28853080,-0.2167969,0.2426758,2.0549316,-15.3511447,19.2442741,112.2290039,1170
28884792,-0.2075195,0.1794434,1.1542968,34.1603050,2.2519083,120.9083938,1170
28916372,0.4406738,0.3635254,1.8884277,-9.1755723,-28.0458011,123.9389343,1170
28948028,-0.3405762,0.2888184,1.1269531,-8.8167934,-39.1984748,143.4885559,1170
28983928,0.1020508,0.5754395,0.7138672,23.0305347,-74.3435134,145.4885559,1170
29015644,-0.4279785,-0.4057617,0.7697754,36.0305328,-22.0916023,127.3587799,1170
29047380,0.2807617,0.1113281,0.5607910,18.8015270,29.6793899,151.5419921,1170
29079000,-0.0002441,0.7629395,1.6516113,-0.9312977,-3.3587787,107.1984710,1170
29110632,0.0463867,0.5673828,1.2321777,-5.2519083,-45.0076332,143.5267181,1170
29142288,0.0456543,-0.1501465,0.7702637,-60.9923667,-40.6870231,120.3435134,1170
29176772,0.1591797,0.1716309,1.5517578,-16.8167934,0.7938932,116.1145019,1170
29208540,-0.0258789,0.5998535,1.1384277,-2.6717557,-10.1297712,130.6793823,1173
29240376,-0.3254395,0.1877441,0.5256348,8.6793889,-4.1526718,159.5801544,1173
29272116,-0.4125977,0.7932129,1.3464355,-9.3511447,24.6946563,99.9847335,1173
29303896,0.0634766,0.3664551,0.8569336,-7.2595419,-36.7633590,152.1068725,1173
29335668,-0.1508789,-0.0202637,1.1013183,25.8931293,0.1679389,156.8396911,1173
29367464,0.3100586,0.6862793,1.2775878,-13.7633590,-47.5038185,160.4274749,1173
29402072,0.1718750,0.0673828,0.8068848,7.3587784,-4.9770994,143.0000000,1173
29433672,0.5227051,0.9758301,1.2575683,-79.5572509,-64.8625946,141.9236602,1173
29465504,0.1098633,-0.0666504,0.8381348,13.2977094,-23.4198474,148.1984710,1173
29497292,0.1860352,0.0791016,0.7353516,24.9847335,-24.4885501,158.4351196,1173
29529060,-0.1679687,0.1564941,0.4267578,-14.7557249,-16.3358783,155.9007568,1173
29560948,-0.3010254,0.1071777,0.9111329,-33.0916023,27.5114498,136.5267181,1173
29595476,-0.1330566,0.6677246,1.3671875,10.5877866,29.9160308,142.2366485,1173
29627252,0.3562012,0.1848145,0.1718750,19.7862586,-3.2213740,162.9236602,1173
29659000,0.0563965,0.2414551,0.9118653,-5.1450381,39.0381660,105.9770965,1173
29690708,-0.2695312,0.7080078,1.2758789,15.0534353,45.9312973,121.0457992,1173
29722516,0.4057617,0.7553711,1.2084960,-1.4351144,1.7099236,128.8167877,1176
29754200,0.0493164,-0.1252441,1.0129394,1.9236640,26.2213745,150.2824401,1176
29788684,0.2675781,1.1684570,1.3156738,14.4732828,-7.5190839,121.8549652,1176
29820436,-0.5415039,0.6137695,1.0654296,22.9465656,8.1908397,155.2290039,1176
29852136,0.2568359,0.4116211,0.9270020,-1.1221374,-26.8702297,144.7633514,1176
29883912,-0.3046875,0.3029785,0.4851074,12.2366409,-10.8778629,122.8778610,1176
29917292,0.7106934,0.2617187,1.1477050,-3.7786259,-13.7557249,145.2137451,1176
29949168,-0.1782227,0.2700195,0.8808594,10.5419845,5.1450381,136.1068725,1176
29980896,0.4030762,0.7961426,1.3913574,-2.9312977,-5.0610685,141.3435058,1176
30015368,0.1027832,0.0361328,0.2487793,41.3129768,-9.6564884,153.2671813,1176
30047140,0.3554687,0.5063477,0.9084473,18.3893127,-12.4274806,146.0381622,1176
30078932,0.0773926,0.4916992,1.1384277,20.1450386,19.4656486,133.8854980,1176
30110672,-0.2243652,0.5019531,1.1875000,6.2061066,6.7862596,139.9923706,1176
30142368,0.3679199,0.6906738,1.2744140,-6.0381679,-36.0458030,130.0381622,1176
30174124,0.2778320,-0.1108398,0.2216797,-8.3358774,6.2977099,125.9618301,1176
30208600,-0.0788574,0.7543945,1.1030273,4.5877861,-16.4351139,74.1832046,1176
30240372,0.2451172,-0.5314941,0.2978516,42.2748107,5.8702292,174.7480926,1179
30272108,0.2705078,0.3591309,1.7944335,30.3206100,-11.3740453,121.8625946,1179
30303900,-0.0156250,0.0075684,0.3327637,1.9007634,47.8167953,163.3969421,1179
30335580,-0.1557617,0.9934082,1.5317382,2.4580152,46.7328262,112.0152664,1179
30367344,0.2216797,0.4963379,1.1704101,23.2595424,15.9389314,137.5114440,1179
30399100,0.1171875,0.5412598,1.0153808,-11.2824430,-35.3129768,149.6641235,1179
30433512,-0.3771973,0.2517090,0.1455078,-41.6412200,13.4961833,169.9694671,1179
30465224,-0.3569336,0.1879883,0.8369141,-27.7633590,44.1145019,147.0763397,1179
30496908,0.0822754,-0.4301758,0.6857910,60.8778610,37.3053436,125.8549652,1179
30528540,0.2351074,0.5703125,0.6499023,40.9771003,28.6488552,148.2900695,1179
30560124,0.0976563,0.5048828,0.8334961,-14.5648851,13.1679391,163.1145019,1179
30591768,-0.0026855,0.6306152,1.1169433,-4.6870226,1.3816794,150.8549652,1179
30626088,-0.2958984,0.1582031,1.0932617,6.2977099,-22.4580154,127.8091583,1179
30657864,-0.0581055,0.2294922,1.3083496,34.0534362,-49.3816795,156.7328186,1179
30689548,-0.1799316,-0.5957031,0.0629883,38.5267181,-30.4198474,166.7022857,1179
30721288,-0.3107910,0.4306641,0.7290039,19.2213745,-14.9770994,142.4656524,1179
30752972,-0.3291016,0.1425781,0.8095704,21.6412220,-7.9694657,156.7404632,1182
30784620,-0.0908203,0.3901367,1.4079589,-7.4656486,-61.2977104,160.1068725,1182
30819056,-0.0273438,-0.1171875,0.2272949,8.9618320,-53.6183204,183.3282470,1182
30852384,-0.2790527,0.2023926,0.7587891,22.7862586,12.0305347,104.7022933,1182
30884264,-0.1535645,0.4057617,0.6381836,5.2977099,36.4503822,165.0686950,1182
30915956,0.3088379,0.4641113,0.7922363,-5.1755723,2.4122138,143.0000000,1182
30947620,-0.1025391,-0.7263184,0.7302246,27.4809169,-9.0381679,171.2137451,1182
30979464,-0.0261230,0.1835937,0.7399902,-7.9465646,-14.6717557,127.9542007,1182
31011256,0.0246582,0.0695801,0.5393066,-20.2290077,56.5648841,134.2900695,1182
31045744,-0.1369629,0.2502441,0.8383790,2.8091602,75.0916061,152.1221313,1182
31077456,-0.1066895,0.0500488,0.1328125,18.2519092,35.6259536,166.0000000,1182
31109148,-0.2458496,0.1152344,0.9548340,46.2290077,65.4503784,125.0687026,1182
31140904,-0.2795410,0.3906250,0.1704102,27.0229015,71.2061080,173.2213745,1182
31172652,-0.0187988,0.7089844,1.4902343,-62.7404594,93.4961853,92.7786254,1182
31204432,0.6867676,0.3129883,1.5549316,18.1526718,-31.1755733,156.3893127,1182
31238940,-0.0415039,0.5512695,1.3347167,21.8167934,30.9007625,150.0915985,1182
31270700,-0.1843262,0.7797852,1.8671875,-23.7328243,-31.0534343,134.3053436,1185
31302568,-0.0397949,0.4223633,1.1081542,-4.7557253,-35.6335868,159.5114440,1185
31334376,-0.2187500,0.5346680,1.8354492,-39.1984748,-4.6412215,119.0381698,1185
31366204,-0.2231445,0.1813965,0.9675293,-3.4198472,-7.1526718,162.7862548,1185
31397976,0.2717285,0.9438477,1.6960449,2.3664121,-43.0534362,138.6030578,1185
31429708,-0.2636719,-0.3674316,0.4174805,-29.6564884,1.2061069,140.1297760,1185
31464520,-0.3234863,0.1923828,0.1140137,2.0152671,2.9618320,137.7251892,1185
31496204,0.1682129,0.7543945,0.4794922,-45.9389305,7.7022900,150.1984710,1185
31527920,-0.1481934,0.2145996,0.9279786,-0.2290076,46.9847335,122.8015289,1185
31559692,0.3391113,-0.1047363,1.1145019,5.5038166,16.2671756,136.2213745,1185
31591436,0.1894531,-0.2841797,0.8806153,-3.1145038,25.4045810,150.7786254,1185
31623192,0.6970215,0.5017090,1.2985839,-76.9923629,-82.8854980,114.0457992,1185
31657680,-0.2282715,-0.2060547,0.4982910,-30.1374053,1.7633588,178.0686950,1185
31689460,-0.1186523,1.1372070,1.7861328,-37.2671737,27.0992374,94.1984710,1185
31721276,0.0456543,0.3608398,1.4833984,-24.1984729,52.7557258,183.8396911,1185
31753060,-0.1206055,0.8278809,0.8701172,-62.3969459,-2.7633588,150.8244323,1185
31786496,-0.4282227,0.3156738,0.8522950,-7.8473281,-8.1984729,172.0076293,1188
31818384,-0.2575684,0.4135742,0.7768555,-68.2442779,30.2977104,144.2900695,1188
31852936,-0.1901855,0.9492188,0.9362793,-17.4961833,-6.6183204,157.3587799,1188
31884752,-0.1630859,0.5817871,0.4282227,-11.9541988,55.3511466,181.7633514,1188
31916584,-0.3073730,0.3356934,1.6843261,10.5496187,72.4045791,137.3969421,1188
31948392,0.5852051,0.4714355,0.9494629,-1.8625954,-56.1679382,190.3206176,1188
31980180,0.0207520,0.2402344,0.9956055,-2.9236640,3.3053436,151.0381622,1188
32011836,0.6223145,0.8798829,2.0317382,-33.6488533,-4.0839695,120.6259536,1188
32043628,0.6445312,-0.0170898,1.3100585,32.3511466,-9.3053436,154.5572509,1188
32078272,0.1008301,0.2067871,1.1384277,-10.8167934,36.1832046,113.4274826,1188
32109908,-0.4194336,0.4826660,0.4245605,-46.3740463,11.0000000,176.1984710,1188
32141516,-0.4045410,0.5583496,1.1994628,-16.6412220,39.1603050,130.6793823,1188
32173192,0.0322266,1.1123046,0.9782715,-10.2137403,26.8625946,135.8091583,1188
32204848,0.1809082,0.1069336,1.4460449,19.3282451,25.7862586,124.0839691,1188
32236428,0.0769043,0.4565430,1.1511230,-17.0076332,1.8931298,166.5648803,1188
32270748,-0.0104980,-0.6726074,0.4799805,-9.9770994,4.6030535,174.7938995,1188
32302492,-0.0534668,0.7287598,0.8752442,27.2977104,-35.2213745,120.0687026,1191
32334148,0.2133789,-0.2719727,1.1206054,23.1984729,29.1297702,127.2977066,1191
32365820,0.3044434,0.3984375,1.7729492,-3.8244274,-68.5190811,133.3358764,1191
32397472,-0.7941895,0.5131836,-0.1730957,-15.9923667,-4.9312977,178.5648803,1191
32429208,-0.1669922,0.5175781,1.0388183,-12.7557249,27.6183204,147.2977142,1191
32460924,-0.5393066,-0.5756836,0.0788574,30.3664131,59.2061080,171.6106872,1191
32495332,-0.1755371,-0.0964356,0.6701660,8.6717557,52.0000000,146.4809112,1191
32527040,0.3007812,0.4123535,1.6120605,-22.3206100,-13.4885492,161.1755676,1191
32558824,-0.0522461,0.6794434,1.2172851,-36.8778610,-20.1603050,160.3282470,1191
32590656,-0.4309082,0.0085449,1.1247558,14.1374044,19.4503822,167.2213745,1191
32622456,0.7551270,0.7626953,1.7827148,-20.3740463,-18.5877857,157.0305328,1191
32654276,-0.3496094,-0.1569824,-0.5417480,-29.5038166,32.9618339,180.5801544,1191
32688916,-0.9323731,0.6008301,0.4326172,40.9160308,25.1679382,101.6641235,1191
32722296,0.6762695,0.3957520,0.4394531,6.2748093,-95.3587799,175.1526641,1191
32754160,-0.8696290,0.0163574,0.0444336,13.7175569,5.0152673,150.4274749,1191
32785920,0.1538086,1.6071777,1.9196777,-59.3816795,-28.4580154,109.5572509,1191
32817736,-0.0380859,-0.0424805,0.3361816,-51.8396949,43.0610694,176.4122161,1194
32849556,0.8908692,0.6411133,2.2111816,-106.1068725,-46.8015251,95.3206100,1194
32884096,0.2717285,0.7731934,0.9255372,55.2213745,17.7175579,172.3893127,1194
32915836,0.0031738,-0.3051758,0.2663574,32.6335868,24.7328243,186.2061004,1194
32947588,-0.5871582,1.0329589,1.2006835,28.0305347,74.2442779,125.6488571,1194
32979360,0.5942383,0.6503906,1.9843750,-7.1374044,32.6488533,192.4198455,1194
33011056,-0.2077637,0.0595703,0.3964844,-9.7557249,43.1755714,157.6183166,1194
33042832,0.0332031,1.0585937,1.5288085,10.6335878,-24.4961833,109.2671737,1194
33074584,-0.4409180,0.6738281,-0.1105957,-34.0458030,-40.2137413,209.5496215,1194
33109196,-0.5214844,-0.1630859,0.2839355,-5.7557253,22.7099227,151.3969421,1194
33141020,0.6811523,0.4050293,1.7614746,-86.3740463,21.2061061,96.3969497,1194
33172744,0.1040039,0.7758789,1.1918945,-23.0305347,9.8931293,171.8931274,1194
33204464,-0.0620117,-0.6540527,0.6186523,34.7022895,1.9083969,145.9007568,1194
33236188,0.3854980,0.6308594,1.2756347,14.3206110,-43.7709922,147.3206176,1194
33267956,-0.1674805,0.0166016,0.1826172,37.1068687,-18.6870231,201.7862548,1194
33302512,-0.5515137,0.2875977,0.6975098,-33.1603050,41.8167953,152.4503784,1194
33334316,0.3298340,0.9226075,1.6430664,-16.0534343,-3.9465648,158.4351196,1197
33366124,0.0363770,0.0568848,0.6076660,-39.4122123,26.5343513,192.6641235,1197
33397868,-0.2375488,0.7087402,1.1137695,31.8702297,-41.1679382,125.8320617,1197
33429676,-0.4343262,0.5815430,0.0571289,-18.6946563,-97.0763320,214.7251892,1197
33461544,0.1520996,0.4458008,1.7470703,-88.4503784,8.0687026,100.1832046,1197
33496020,0.0629883,0.3044434,0.6420898,0.3129771,71.1374053,168.6030578,1197
33527708,-0.1650391,-0.0441895,0.1877441,42.6946563,65.3358764,117.1526718,1197
33559548,0.6433105,0.4235840,2.6354980,44.1145019,-0.1145038,112.9923629,1197
33591276,-0.4858398,0.0156250,0.1752930,23.1145038,-65.5343475,184.5114440,1197
33623080,-0.3469238,0.6123047,0.8698731,-62.0916023,-9.6946563,124.1068725,1197
33656492,-0.2680664,0.8964844,1.4289550,-31.7251911,16.4656486,149.2213745,1197
33688464,-0.3569336,-0.1840820,0.6188965,-9.5190839,97.7251892,163.5496215,1197
33722900,-0.0114746,1.4482421,1.6445312,32.2061080,68.4198455,133.1908416,1197
33754536,0.4782715,0.7058105,1.1040039,26.7022895,45.4351158,192.7557220,1197
33786136,0.4179687,0.1513672,1.0275878,-146.1221313,-47.8854980,128.0381622,1197
33817844,0.0878906,0.1228027,0.8923340,-9.8625955,-39.8778610,168.1832122,1197
33849500,-0.3835449,-0.6745605,0.4841309,7.4885497,-9.5954198,173.0305328,1200
33881160,-0.0715332,0.5422363,0.8991700,21.8167934,3.3740458,92.2442779,1200
33923304,-0.1984863,-0.1750488,1.5920410,16.8854961,82.3893127,102.1832046,1200
33955036,-0.2060547,0.3432617,0.2670898,51.5496177,126.7709960,160.5954132,1200
33986736,0.7248535,0.9440918,1.8542480,17.0381679,8.3053436,112.4503784,1200
34018356,0.2927246,0.1733398,1.5388183,14.4427480,-21.2290077,147.5267181,1200
34050008,-0.2788086,0.3044434,0.8857422,-0.8320611,-28.3587779,171.3511505,1200
34081768,0.0966797,-0.1091309,0.6906738,16.4427490,-19.2442741,186.4809112,1200
34113444,-0.2741699,0.4665527,0.2985840,79.3969497,19.3816795,144.6106872,1200
34148208,-0.0930176,-0.4121094,1.6975097,31.5114498,85.6335906,165.0381622,1200
34180012,0.6340332,0.6618652,2.1237792,-27.5419845,0.2366412,173.2366485,1200
34211788,-0.4187012,0.0798340,0.6530762,-35.8320617,-21.1832065,162.2824401,1200
34243652,-0.0957031,0.6787109,0.5454102,-57.2137413,-53.0916023,138.5343475,1200
34275480,0.0759277,0.1235352,0.4794922,25.1450386,-51.6106872,166.6030578,1200
34307280,-0.2602539,-0.0922852,0.7851562,10.3435115,50.5496177,149.5190887,1200
34341868,0.5129395,0.6840820,1.7849121,53.1297721,42.7557258,134.9847259,1200
34373628,-0.5366211,-0.2744141,0.2141113,5.0305342,85.7480926,154.8778686,1203
34405428,-0.1933594,0.5124512,0.7478027,34.4427490,-23.4809169,171.0992431,1203
34437224,-0.6198730,0.6833496,0.1052246,-76.5877838,52.7786254,122.4045791,1203
34469028,0.3305664,0.9726563,1.8041992,-107.1984710,104.5038146,138.2519073,1203
34500912,0.0900879,0.3989258,1.1721191,-24.8091602,11.8396949,147.1068725,1203
34537196,-0.4091797,-0.4580078,0.8403321,30.3435115,-134.8167877,202.3664093,1203
34569196,0.0239258,0.2456055,1.9838867,118.4351119,-31.6946563,81.3053436,1203
34601000,0.2656250,0.4865723,0.4443359,187.6641235,-54.9465637,101.5801544,1203
34632812,0.0246582,0.1088867,0.3962402,202.6717529,-1.2061069,136.6946563,1203
34664572,0.2080078,0.0710449,0.5275879,156.0000000,119.2290039,172.5572509,1203
34696248,-2.5000000,0.9323731,-0.3315430,156.5801544,248.1832122,-47.3129768,1203
34728100,0.0825195,1.1062011,1.2138671,-47.0763359,-60.3053436,47.9541969,1203
34762924,-1.5336914,1.0861816,-0.4689941,-87.2900772,-19.8778629,113.9389343,1203
34794812,-0.7812500,1.2524414,1.0742187,-248.2213745,-149.4961853,10.1832065,1203
34826720,-0.2324219,0.2888184,-0.4001465,-248.2213745,-78.7938919,83.7099227,1203
34858592,0.2258301,-0.3696289,2.1743164,-191.8167877,-64.7709960,104.6412200,1203
34890484,-0.8840332,-0.3994141,0.0837402,73.8931274,-104.1679382,42.6793899,1206
34922356,0.1323242,-0.3793945,1.0856933,109.0534362,-6.5343513,9.6793889,1206
34956836,0.2658691,0.2893066,1.1413574,36.0458030,-4.2824425,-56.3969459,1206
34988592,0.1293945,0.2958984,1.1621093,-45.0152664,-52.8396949,-82.6183242,1206
35020408,0.7414551,0.4670410,1.6906738,-25.7633590,8.3969469,-128.4045867,1206
35052168,0.5954590,-0.3273926,1.0212402,-13.8702287,28.8091602,-145.3053436,1206
35084032,0.5131836,-0.1186523,1.0063476,5.2748093,52.7557258,-144.0229034,1206
35115796,0.4858398,0.1999512,1.1357421,-21.3282451,87.4809188,-136.3129730,1206
35150408,0.1359863,-0.3874512,1.2895507,0.1526718,123.0305328,-116.3206100,1206
35182228,0.1772461,0.2580566,0.8769532,34.0000000,111.5038146,-90.4351119,1206
35213928,0.2475586,0.0158691,0.9064942,-16.6259536,112.2366409,-75.4274826,1206
35245768,-0.2385254,-0.2055664,1.4960937,7.2671756,121.4809188,-77.7862625,1206
35277576,0.1518555,0.1323242,0.6040039,1.1603053,119.2977066,-70.7404556,1206
35309308,0.1918945,0.3142090,1.3164062,-0.6259542,124.7938919,-76.4122161,1206
35341128,-0.0114746,0.1730957,0.5173340,-4.9618320,102.6259536,-63.6946563,1206
35375548,-0.2021484,0.0144043,0.8400879,-21.9465656,105.3740463,-52.5038185,1206
35407268,-0.1625977,0.0476074,0.6064453,29.4809169,85.5572509,-47.0916023,1209
35438892,-0.4128418,-0.0090332,0.8522950,-8.8167934,95.2442779,-30.1374053,1209
35472440,-0.3811035,0.0466309,0.7741699,-27.6106872,68.7938919,-29.1374053,1209
35504232,-0.4592285,0.0930176,0.7302246,-9.3969469,47.0916023,-18.2824420,1209
35535856,-0.3657227,-0.0485840,0.6020508,4.3053436,42.8396949,-17.5038166,1209
35570220,-0.1601562,0.0959473,0.5070801,10.5725193,38.7557258,-1.8702289,1209
35601952,-0.7314453,-0.0964356,0.7958984,-48.8015251,17.9083976,-0.4732825,1209
35633636,-0.5830078,-0.2797852,0.0593262,-47.3893127,9.2137403,-3.9923663,1209
35665296,-0.2951660,-0.2751465,1.1098632,-47.0076332,21.9236640,-22.8549613,1209
35697036,-0.5361328,-0.2678223,0.4931641,-5.7480916,-2.8625953,-11.1908397,1209
35728740,-0.7016602,0.1269531,0.8083497,-44.3435096,3.8244274,-12.5114507,1209
35763132,-0.6599121,-0.3127441,1.0742187,-90.7786254,-7.7938933,-11.3206110,1209
35795016,-0.7973633,-0.3071289,0.6711426,-78.3740463,-29.3435115,-4.4885497,1209
35826924,-0.4704590,-0.1118164,0.7521973,-93.6412200,-25.3740463,-7.5267176,1209
35858772,-0.4912109,-0.1047363,0.8930665,-94.3587799,-11.7175569,-8.6259546,1209
35890632,-0.5202637,-0.4982910,0.9267579,-75.9389343,-9.5954198,-3.6030533,1209
35922468,-0.5874023,-0.1589355,0.9604493,-39.5419845,22.8167934,8.2442750,1212
35954244,-0.5524902,-0.1296387,0.6557617,-12.0992364,5.1145038,18.3587779,1212
35983860,-0.4699707,-0.2304687,0.8125000,-1.9312976,27.8854961,23.0687026,1212
36015616,-0.5209961,-0.2292480,0.9875489,-12.0916032,28.1450386,22.9694652,1212
36047448,-0.5249023,0.0529785,0.8642579,-32.8931312,16.7251911,17.1832065,1212
36079212,-0.4455566,0.0886231,0.9536133,-33.2519073,19.1679382,8.5877866,1212
36110952,-0.6635742,-0.5693359,0.8117676,-75.7709960,15.0229005,-4.8549618,1212
36142756,-0.5820312,-0.0827637,0.8750000,-97.1603088,13.9770994,-0.2595420,1212
36177248,-0.6506348,-0.5649414,0.2553711,-97.2061080,9.6259546,0.5343512,1212
36208976,-0.5527344,-0.4868164,1.0576171,-134.8244323,9.8091602,-7.9694657,1212
36240784,-0.5634766,-0.4182129,0.7033691,-103.4503784,-5.8778624,-14.5343513,1212
36272664,-0.6074219,-0.3374023,0.8125000,-116.1755752,24.9236640,-17.3969459,1212
36304564,-0.6618652,-0.5412598,0.7573242,-136.0152740,10.1297712,-27.2213745,1212
36336448,-0.7175293,-0.5441895,0.7207031,-137.8320617,14.2519083,-26.4580154,1212
36371048,-0.7502441,-0.5458984,0.5026855,-189.5419921,10.9541988,-36.1984748,1212
36402948,-0.5190430,-0.4746094,0.6657715,-213.1145019,34.9236640,-46.5496177,1212
36436416,-0.5173340,-0.5541992,0.4553223,-195.8473358,55.9007644,-43.0152664,1215
36468428,-0.5974121,-0.7375488,0.2668457,-218.5190887,75.9847335,-35.5267181,1215
36500316,-0.5717773,-0.4172363,0.4643555,-207.9618377,90.1068725,-41.0458030,1215
36532192,-0.4294434,-0.6286621,0.1884766,-203.4122161,92.6717529,-52.1145019,1215
36566888,-0.3574219,-0.6137695,-0.0668945,-205.0458068,94.7328262,-61.7251892,1215
36598836,-0.1284180,-0.6123047,-0.1464844,-196.2213745,117.4885482,-72.2213745,1215
36630828,-0.2541504,-0.5451660,-0.2260742,-191.0458068,130.7480926,-80.9465637,1215
36662820,0.0515137,-0.5085449,-0.7985840,-174.5343475,158.5419921,-80.2137374,1215
36694740,-0.4128418,-0.3825684,-1.2966308,-112.6793899,88.1526718,-95.4122161,1215
36726704,-0.2644043,-0.6037598,-0.8066407,-94.8244247,34.8015251,-114.9236679,1215
36761388,-0.1062012,-0.6904297,-0.6115723,-158.3358764,15.5725193,-109.1221389,1215
36793388,-0.0786133,-0.6367187,-0.8547364,-169.1755676,10.2061071,-84.1908416,1215
36825316,0.0661621,-0.4731445,-0.8352051,-152.6946563,17.6793899,-78.2137374,1215
36857192,0.1733398,-0.4763184,-0.8271485,-176.8931274,14.9389314,-84.6641235,1215
36889156,-0.1730957,-0.5136719,-0.8552247,-154.3129730,18.5038166,-61.7328262,1215
36921136,-0.0192871,-0.3034668,-0.8056641,-98.0763320,27.1145038,-35.5496177,1215
36953036,-0.1066895,-0.3142090,-0.7973633,-99.9160308,15.7480916,-28.2519092,1218
36982640,0.0795898,-0.2685547,-1.2258300,-61.1450386,-2.8167939,-45.2290077,1218
37014360,0.0019531,-0.1630859,-0.5476074,-80.9923629,5.4198474,-62.8854980,1218
37046048,-0.1293945,-0.3437500,-1.0148925,-104.2061080,14.2748088,-52.7786254,1218
37077844,-0.0876465,-0.0446777,-0.9785157,-82.4427490,38.6946563,-49.8091621,1218
37109612,0.1457520,0.0031738,-0.7075195,-41.1297721,60.5648841,-47.8396949,1218
37141324,-0.0881348,-0.2145996,-0.6818848,3.8167939,90.8015289,-43.6717567,1218
37175736,-0.1254883,-0.1279297,-0.8251954,52.1755714,62.9389305,-53.5954208,1218
37207616,0.3227539,-0.1459961,-1.1960449,42.9618339,37.3358764,-64.4580154,1218
37239308,0.2927246,-0.0380859,-1.2087402,-11.9389314,46.5954208,-56.4732818,1218
37271036,0.1953125,-0.1730957,-1.3310546,-13.9923667,13.2137403,-25.6717548,1218
37302804,0.2756348,-0.2448730,-1.1513671,-20.8244266,7.6946563,-9.5954198,1218
37334480,0.3142090,-0.2668457,-1.4355468,-6.8091602,-10.1450386,-6.3969464,1218
37370560,0.1464844,0.0295410,-1.0954589,-33.8091621,-27.2595424,-14.9312973,1218
37402560,0.2270508,0.1066895,-0.8769532,-18.1679382,-33.4351158,-33.6564903,1218
37434428,-0.0769043,-0.2888184,-1.1242675,2.1297709,-24.7251911,-29.1832065,1218
37466300,0.2033691,-0.1704102,-0.7944336,37.0152664,-18.6793899,-26.3969459,1221
37498152,0.2915039,-0.3212891,-1.0769042,30.7633590,-10.9770994,-23.8167934,1221
37530052,0.0690918,-0.2939453,-1.0747070,32.5648841,0.0687023,-28.3587779,1221
37564548,0.0415039,-0.1970215,-0.9924317,45.2595405,-21.1374053,-29.5419845,1221
37596384,0.0866699,-0.1054687,-1.1318359,-7.2137403,-28.5954189,-36.5038185,1221
37628272,0.1386719,-0.3137207,-0.9570313,-32.8015251,-38.6793899,-33.5648841,1221
37660200,0.0280762,-0.1564941,-1.0534667,-9.9694652,-50.6183204,-11.0152673,1221
37692044,0.0883789,0.0280762,-1.3110351,-12.1221370,-43.0992355,-7.0534353,1221
37723856,0.1564941,-0.1875000,-0.9125977,-22.9083976,-20.6259536,-2.1679389,1221
37755704,0.1062012,-0.0729980,-0.8342286,-41.2290077,8.9236640,-10.5267171,1221
37790288,-0.0285645,0.0463867,-1.0617675,-40.6641235,6.0000000,-22.7938938,1221
37822016,0.1882324,0.1821289,-0.9521485,-26.7862586,3.4351146,-19.8396949,1221
37853784,0.2797852,0.0563965,-0.9804688,-11.5572519,4.3740458,-18.9312973,1221
37885556,0.2512207,0.1555176,-0.9350586,-7.6641221,-11.4885492,-14.3816795,1221
37917368,-0.0151367,-0.1545410,-1.1245117,-16.4809169,-13.0763359,-16.5038166,1221
37949292,-0.0705566,-0.1176758,-0.8156739,-13.6717557,-14.3206110,-10.0839691,1221
37983984,0.1760254,0.0661621,-0.5371094,-26.1526718,8.5648851,5.8931298,1224
38015652,-0.1354980,0.2653809,-1.1997070,-0.3740458,8.3587789,-0.6183206,1224
38047348,0.0222168,-0.0527344,-1.1137695,33.9160308,-16.1679382,-17.1984729,1224
38079184,-0.0717773,-0.2641602,-0.7778320,-9.6717557,3.2900762,-15.4809160,1224
38110984,-0.0930176,-0.0297852,-0.9768067,-7.6412215,10.3129768,-11.9312973,1224
38142860,-0.0424805,-0.3190918,-0.8735352,-8.9847326,7.7099237,7.2824425,1224
38177340,0.0756836,0.0888672,-0.9863282,21.1526718,0.8015268,11.9007635,1224
38209036,0.2189941,0.7275391,-1.0710449,14.6106872,-22.5572509,-9.5725193,1224
38240840,0.3286133,0.1809082,-0.8381348,-24.5572509,-16.3129768,-35.0076332,1224
38272700,-0.0683594,-0.0344238,-1.0905761,-12.1526718,-26.1450386,-8.4427480,1224
38306220,-0.0305176,0.1127930,-0.9709473,-30.5114498,-0.4580153,-14.8320608,1224
38338152,-0.0312500,-0.2209473,-0.8666993,1.6412214,8.9465646,-8.3511447,1224
38369884,0.0351562,0.0336914,-1.0031738,0.0381679,-1.3129770,-10.3893127,1224
38404656,-0.0820313,-0.3283691,-1.2365722,-7.4809160,-6.2748093,-8.1984729,1224
38436484,0.1437988,0.1911621,-1.3247070,-11.1679391,-6.0992364,-16.1221370,1224
38468340,-0.0107422,-0.0766602,-0.9914551,-13.6335878,5.1908397,2.8473281,1224
38500136,0.0295410,-0.1008301,-1.0646972,-14.7480916,11.8015270,23.5877857,1227
38531960,0.0095215,-0.0607910,-1.2634277,12.8625955,-3.5343511,28.9389305,1227
38563744,-0.2363281,0.0129395,-0.7463379,-26.8625946,32.6335868,22.3664131,1227
38598184,-0.1105957,-0.6269531,-0.9252930,-10.8473281,13.2519083,12.2213745,1227
38629928,-0.1037598,0.0449219,-0.7087402,43.3053436,6.6030535,0.6412214,1227
38661492,0.1601562,-0.1523437,-1.0722656,67.9083938,11.4198474,19.3969459,1227
38693136,0.2062988,-0.0080566,-1.0437011,69.8854980,15.8320608,24.2595424,1227
38724756,0.2416992,0.2375488,-0.9321290,26.6488552,45.2671737,13.2213745,1227
38756392,-0.0083008,0.5131836,-0.7053223,35.8320617,36.0687026,13.4503812,1227
38790724,0.2260742,0.0385742,-0.5278320,19.7328243,6.3053436,17.3816795,1227
38822436,0.0839844,0.1638184,-1.1286621,-23.8625946,1.1679389,-19.3664131,1227
38854112,0.4484863,-0.1230469,-1.2507324,-43.2290077,-31.3435115,-29.8702297,1227
38885884,-0.1848145,0.0253906,-0.6520996,-14.6412210,-43.7251892,-18.1526718,1227
38917644,0.2348633,-0.2617187,-0.8051758,31.1679382,-45.3893127,-18.6488552,1227
38949404,0.2736816,-0.0725098,-0.9208985,49.5038185,-33.8167953,-80.8854980,1227
38981144,-0.0385742,-0.1721191,-0.6374512,60.2290077,-19.9236640,-51.5419845,1227
39015636,0.1108398,-0.1533203,-1.1354980,83.1221389,-12.7099237,-15.8015270,1230
39047524,-0.4069824,-1.3332519,-1.3291015,26.0534343,10.0839691,-33.1526718,1230
39079396,-0.2419434,-0.1091309,-1.5251464,-3.8778627,-57.2519073,-38.9465637,1230
39111296,-0.2265625,-0.4143066,-1.2805175,-112.0152664,-71.8015289,-40.5877876,1230
39143288,-0.1210937,-0.2399902,-0.9238282,-151.2366485,-73.6717529,-27.7480907,1230
39175276,-0.2087402,-0.0832520,-1.0666503,-127.7022933,-69.7175598,-27.4503822,1230
39210012,-0.2021484,-0.0363770,-1.2631835,-88.8702316,-58.2519073,-34.1908378,1230
39243464,-0.0859375,0.2822266,-0.9895020,-50.4427490,-20.6717548,-44.0152664,1230
39275468,-0.1789551,0.0007324,-0.8657227,-36.0763359,1.1297709,-35.3740463,1230
39307296,-0.1811523,0.2006836,-0.6706543,7.5954198,42.5038185,-22.9847335,1230
39339076,-0.1171875,-0.0568848,-1.1201171,43.0992355,47.2290077,-6.8702292,1230
39370876,0.0456543,0.1967773,-1.4182128,62.2290077,58.1221389,-2.9312977,1230
39405360,0.0908203,0.0917969,-1.2380371,45.7480926,47.8091621,1.9083969,1230
39437028,0.0080566,0.0700684,-0.8637696,16.3893127,44.2595405,-16.6259536,1230
39468800,-0.1577148,0.2636719,-1.0642089,-31.9007625,7.6106872,-3.1450381,1230
39500556,0.0012207,-0.0634766,-1.1979980,-31.5114498,-12.0229005,-2.0610687,1230
39532372,-0.1284180,-0.0595703,-1.1616210,-39.1068687,-13.6335878,0.3435115,1233
39564236,-0.0095215,0.0729980,-0.6591797,-30.7633590,13.3511447,-0.1068702,1233
39598720,-0.1008301,-0.1379395,-0.9758301,-15.9236640,16.6793899,11.4961833,1233
39630544,-0.0520020,-0.1728516,-0.9887696,2.0916030,34.0305328,8.2366409,1233
39662232,-0.1015625,-0.0158691,-0.9082032,-7.1603055,50.7480926,8.6030530,1233
39726640,0.4042969,0.2883301,-1.1721191,-11.7480916,9.5114507,-16.3282451,1233
39975752,0.0874024,-0.0209961,-0.9606934,-19.9312973,-45.0763359,-36.9771003,1233
40219092,0.2709961,0.2316895,-1.2609863,-28.5267181,0.2366412,29.8167934,1236
40459712,-0.1916504,0.1591797,-0.8190918,0.3664122,-57.7480926,-24.0152664,1236
40557564,0.1811523,-0.1174316,-1.2546386,-2.6946563,-8.7557249,-30.0076332,1236
40589548,-0.0061035,0.0666504,-0.5605469,2.5190839,-10.2595415,-23.8549613,1236
40621348,0.0612793,0.2016602,-1.0659179,4.9389314,17.4427490,2.0916030,1236
40653020,-0.1215820,-0.0698242,-1.2614746,-20.7709922,6.6030535,5.7099237,1236
40684804,-0.6374512,-0.0134277,-1.8110351,-40.3053436,-7.7633585,16.9770984,1236
40716672,-0.0686035,0.1425781,-0.9829102,9.9541988,-18.1297702,-3.3893129,1236
40751220,-0.1181641,0.1130371,-0.8601075,-2.3053436,-8.8320608,-21.3816795,1239
40783056,0.0751953,0.2429199,-0.9995118,6.7404580,-0.5725191,-10.4656486,1239
40814796,-0.3374023,0.0202637,-1.1044921,-12.3969469,0.1221374,-6.6335878,1239
40846612,-0.2597656,0.2731934,-1.2607421,-5.0687022,-0.9618321,-7.5572519,1239
40878408,-0.0671387,-0.1091309,-0.8574219,17.0763359,4.5496182,-8.1068706,1239
40910212,0.0581055,-0.0610352,-0.8310547,-3.0687022,5.4198474,-15.3816795,1239
40941988,-0.0971680,-0.1618652,-1.0043945,-11.8396949,14.7404584,-7.0000000,1239
40971460,-0.3378906,-0.1354980,-1.4104003,0.9083970,13.5877866,-0.1374046,1239
41003088,-0.0974121,0.0517578,-1.3339843,-17.3282451,15.5419845,-14.1679391,1239
